float_to_int_hash,138.024000
float_bit_hash,144.258000
float_to_int_hash,0,994
float_to_int_hash,1,960
float_to_int_hash,2,1069
float_to_int_hash,3,957
float_to_int_hash,4,969
float_to_int_hash,5,1007
float_to_int_hash,6,978
float_to_int_hash,7,990
float_to_int_hash,8,989
float_to_int_hash,9,1036
float_to_int_hash,10,997
float_to_int_hash,11,980
float_to_int_hash,12,1001
float_to_int_hash,13,1012
float_to_int_hash,14,917
float_to_int_hash,15,1024
float_to_int_hash,16,1002
float_to_int_hash,17,1025
float_to_int_hash,18,1076
float_to_int_hash,19,1034
float_to_int_hash,20,986
float_to_int_hash,21,1042
float_to_int_hash,22,999
float_to_int_hash,23,1028
float_to_int_hash,24,1008
float_to_int_hash,25,988
float_to_int_hash,26,971
float_to_int_hash,27,1021
float_to_int_hash,28,961
float_to_int_hash,29,1011
float_to_int_hash,30,1006
float_to_int_hash,31,974
float_to_int_hash,32,1012
float_to_int_hash,33,972
float_to_int_hash,34,989
float_to_int_hash,35,1032
float_to_int_hash,36,1000
float_to_int_hash,37,980
float_to_int_hash,38,991
float_to_int_hash,39,964
float_to_int_hash,40,1014
float_to_int_hash,41,1017
float_to_int_hash,42,955
float_to_int_hash,43,1063
float_to_int_hash,44,1007
float_to_int_hash,45,1028
float_to_int_hash,46,994
float_to_int_hash,47,955
float_to_int_hash,48,967
float_to_int_hash,49,994
float_to_int_hash,50,1038
float_to_int_hash,51,994
float_to_int_hash,52,1002
float_to_int_hash,53,1016
float_to_int_hash,54,954
float_to_int_hash,55,946
float_to_int_hash,56,968
float_to_int_hash,57,998
float_to_int_hash,58,992
float_to_int_hash,59,969
float_to_int_hash,60,1035
float_to_int_hash,61,984
float_to_int_hash,62,971
float_to_int_hash,63,1047
float_to_int_hash,64,967
float_to_int_hash,65,978
float_to_int_hash,66,968
float_to_int_hash,67,960
float_to_int_hash,68,987
float_to_int_hash,69,1000
float_to_int_hash,70,1014
float_to_int_hash,71,967
float_to_int_hash,72,1040
float_to_int_hash,73,1003
float_to_int_hash,74,965
float_to_int_hash,75,966
float_to_int_hash,76,995
float_to_int_hash,77,1029
float_to_int_hash,78,1009
float_to_int_hash,79,1006
float_to_int_hash,80,1011
float_to_int_hash,81,998
float_to_int_hash,82,1046
float_to_int_hash,83,1017
float_to_int_hash,84,972
float_to_int_hash,85,947
float_to_int_hash,86,1038
float_to_int_hash,87,1042
float_to_int_hash,88,948
float_to_int_hash,89,962
float_to_int_hash,90,951
float_to_int_hash,91,974
float_to_int_hash,92,995
float_to_int_hash,93,1019
float_to_int_hash,94,1028
float_to_int_hash,95,1012
float_to_int_hash,96,995
float_to_int_hash,97,1006
float_to_int_hash,98,1028
float_to_int_hash,99,1093
float_to_int_hash,100,941
float_to_int_hash,101,1041
float_to_int_hash,102,1038
float_to_int_hash,103,1067
float_to_int_hash,104,994
float_to_int_hash,105,1007
float_to_int_hash,106,892
float_to_int_hash,107,963
float_to_int_hash,108,997
float_to_int_hash,109,1018
float_to_int_hash,110,971
float_to_int_hash,111,1026
float_to_int_hash,112,1013
float_to_int_hash,113,982
float_to_int_hash,114,1016
float_to_int_hash,115,963
float_to_int_hash,116,927
float_to_int_hash,117,928
float_to_int_hash,118,1044
float_to_int_hash,119,987
float_to_int_hash,120,967
float_to_int_hash,121,984
float_to_int_hash,122,928
float_to_int_hash,123,990
float_to_int_hash,124,1014
float_to_int_hash,125,1000
float_to_int_hash,126,985
float_to_int_hash,127,1032
float_to_int_hash,128,982
float_to_int_hash,129,993
float_to_int_hash,130,921
float_to_int_hash,131,1015
float_to_int_hash,132,1060
float_to_int_hash,133,1023
float_to_int_hash,134,995
float_to_int_hash,135,1030
float_to_int_hash,136,1010
float_to_int_hash,137,974
float_to_int_hash,138,1017
float_to_int_hash,139,959
float_to_int_hash,140,989
float_to_int_hash,141,1002
float_to_int_hash,142,979
float_to_int_hash,143,1023
float_to_int_hash,144,941
float_to_int_hash,145,1005
float_to_int_hash,146,989
float_to_int_hash,147,952
float_to_int_hash,148,953
float_to_int_hash,149,983
float_to_int_hash,150,992
float_to_int_hash,151,1005
float_to_int_hash,152,993
float_to_int_hash,153,944
float_to_int_hash,154,998
float_to_int_hash,155,1032
float_to_int_hash,156,1009
float_to_int_hash,157,974
float_to_int_hash,158,948
float_to_int_hash,159,953
float_to_int_hash,160,1011
float_to_int_hash,161,971
float_to_int_hash,162,955
float_to_int_hash,163,1026
float_to_int_hash,164,1028
float_to_int_hash,165,1026
float_to_int_hash,166,1002
float_to_int_hash,167,1031
float_to_int_hash,168,993
float_to_int_hash,169,1022
float_to_int_hash,170,972
float_to_int_hash,171,985
float_to_int_hash,172,946
float_to_int_hash,173,973
float_to_int_hash,174,1003
float_to_int_hash,175,947
float_to_int_hash,176,982
float_to_int_hash,177,985
float_to_int_hash,178,991
float_to_int_hash,179,976
float_to_int_hash,180,964
float_to_int_hash,181,999
float_to_int_hash,182,986
float_to_int_hash,183,964
float_to_int_hash,184,963
float_to_int_hash,185,1014
float_to_int_hash,186,1069
float_to_int_hash,187,983
float_to_int_hash,188,982
float_to_int_hash,189,1068
float_to_int_hash,190,1039
float_to_int_hash,191,988
float_to_int_hash,192,982
float_to_int_hash,193,981
float_to_int_hash,194,1010
float_to_int_hash,195,1032
float_to_int_hash,196,1010
float_to_int_hash,197,957
float_to_int_hash,198,1027
float_to_int_hash,199,984
float_to_int_hash,200,996
float_to_int_hash,201,976
float_to_int_hash,202,1058
float_to_int_hash,203,986
float_to_int_hash,204,1025
float_to_int_hash,205,951
float_to_int_hash,206,994
float_to_int_hash,207,1014
float_to_int_hash,208,979
float_to_int_hash,209,960
float_to_int_hash,210,987
float_to_int_hash,211,996
float_to_int_hash,212,1044
float_to_int_hash,213,990
float_to_int_hash,214,986
float_to_int_hash,215,958
float_to_int_hash,216,980
float_to_int_hash,217,1048
float_to_int_hash,218,1029
float_to_int_hash,219,1033
float_to_int_hash,220,1008
float_to_int_hash,221,983
float_to_int_hash,222,943
float_to_int_hash,223,970
float_to_int_hash,224,949
float_to_int_hash,225,1000
float_to_int_hash,226,1016
float_to_int_hash,227,990
float_to_int_hash,228,1007
float_to_int_hash,229,946
float_to_int_hash,230,1015
float_to_int_hash,231,988
float_to_int_hash,232,1028
float_to_int_hash,233,975
float_to_int_hash,234,952
float_to_int_hash,235,1020
float_to_int_hash,236,979
float_to_int_hash,237,993
float_to_int_hash,238,968
float_to_int_hash,239,1004
float_to_int_hash,240,1042
float_to_int_hash,241,970
float_to_int_hash,242,1023
float_to_int_hash,243,1026
float_to_int_hash,244,963
float_to_int_hash,245,990
float_to_int_hash,246,993
float_to_int_hash,247,970
float_to_int_hash,248,975
float_to_int_hash,249,971
float_to_int_hash,250,983
float_to_int_hash,251,1006
float_to_int_hash,252,974
float_to_int_hash,253,973
float_to_int_hash,254,966
float_to_int_hash,255,962
float_to_int_hash,256,953
float_to_int_hash,257,998
float_to_int_hash,258,957
float_to_int_hash,259,965
float_to_int_hash,260,986
float_to_int_hash,261,1000
float_to_int_hash,262,1013
float_to_int_hash,263,969
float_to_int_hash,264,999
float_to_int_hash,265,914
float_to_int_hash,266,1007
float_to_int_hash,267,1037
float_to_int_hash,268,1024
float_to_int_hash,269,983
float_to_int_hash,270,960
float_to_int_hash,271,983
float_to_int_hash,272,986
float_to_int_hash,273,1023
float_to_int_hash,274,891
float_to_int_hash,275,919
float_to_int_hash,276,1001
float_to_int_hash,277,977
float_to_int_hash,278,1029
float_to_int_hash,279,953
float_to_int_hash,280,1008
float_to_int_hash,281,1016
float_to_int_hash,282,967
float_to_int_hash,283,1005
float_to_int_hash,284,963
float_to_int_hash,285,1013
float_to_int_hash,286,991
float_to_int_hash,287,952
float_to_int_hash,288,936
float_to_int_hash,289,951
float_to_int_hash,290,944
float_to_int_hash,291,976
float_to_int_hash,292,985
float_to_int_hash,293,988
float_to_int_hash,294,974
float_to_int_hash,295,962
float_to_int_hash,296,970
float_to_int_hash,297,991
float_to_int_hash,298,979
float_to_int_hash,299,956
float_to_int_hash,300,1005
float_to_int_hash,301,975
float_to_int_hash,302,996
float_to_int_hash,303,1041
float_to_int_hash,304,985
float_to_int_hash,305,972
float_to_int_hash,306,1042
float_to_int_hash,307,975
float_to_int_hash,308,945
float_to_int_hash,309,976
float_to_int_hash,310,974
float_to_int_hash,311,990
float_to_int_hash,312,1018
float_to_int_hash,313,965
float_to_int_hash,314,1043
float_to_int_hash,315,956
float_to_int_hash,316,971
float_to_int_hash,317,1032
float_to_int_hash,318,960
float_to_int_hash,319,1013
float_to_int_hash,320,1007
float_to_int_hash,321,1009
float_to_int_hash,322,999
float_to_int_hash,323,971
float_to_int_hash,324,1003
float_to_int_hash,325,1009
float_to_int_hash,326,1033
float_to_int_hash,327,958
float_to_int_hash,328,1043
float_to_int_hash,329,973
float_to_int_hash,330,1022
float_to_int_hash,331,1019
float_to_int_hash,332,968
float_to_int_hash,333,963
float_to_int_hash,334,974
float_to_int_hash,335,952
float_to_int_hash,336,913
float_to_int_hash,337,1000
float_to_int_hash,338,940
float_to_int_hash,339,953
float_to_int_hash,340,985
float_to_int_hash,341,1043
float_to_int_hash,342,932
float_to_int_hash,343,923
float_to_int_hash,344,951
float_to_int_hash,345,1028
float_to_int_hash,346,995
float_to_int_hash,347,1002
float_to_int_hash,348,989
float_to_int_hash,349,991
float_to_int_hash,350,958
float_to_int_hash,351,1004
float_to_int_hash,352,1012
float_to_int_hash,353,984
float_to_int_hash,354,988
float_to_int_hash,355,924
float_to_int_hash,356,943
float_to_int_hash,357,966
float_to_int_hash,358,955
float_to_int_hash,359,1013
float_to_int_hash,360,987
float_to_int_hash,361,1015
float_to_int_hash,362,1022
float_to_int_hash,363,977
float_to_int_hash,364,987
float_to_int_hash,365,984
float_to_int_hash,366,985
float_to_int_hash,367,964
float_to_int_hash,368,958
float_to_int_hash,369,986
float_to_int_hash,370,972
float_to_int_hash,371,993
float_to_int_hash,372,990
float_to_int_hash,373,1004
float_to_int_hash,374,1030
float_to_int_hash,375,984
float_to_int_hash,376,962
float_to_int_hash,377,998
float_to_int_hash,378,990
float_to_int_hash,379,965
float_to_int_hash,380,1018
float_to_int_hash,381,963
float_to_int_hash,382,968
float_to_int_hash,383,1014
float_to_int_hash,384,973
float_to_int_hash,385,1001
float_to_int_hash,386,1001
float_to_int_hash,387,1022
float_to_int_hash,388,956
float_to_int_hash,389,973
float_to_int_hash,390,1022
float_to_int_hash,391,944
float_to_int_hash,392,1011
float_to_int_hash,393,940
float_to_int_hash,394,989
float_to_int_hash,395,1014
float_to_int_hash,396,1014
float_to_int_hash,397,906
float_to_int_hash,398,976
float_to_int_hash,399,982
float_to_int_hash,400,940
float_to_int_hash,401,1005
float_to_int_hash,402,957
float_to_int_hash,403,972
float_to_int_hash,404,998
float_to_int_hash,405,972
float_to_int_hash,406,976
float_to_int_hash,407,991
float_to_int_hash,408,999
float_to_int_hash,409,1052
float_to_int_hash,410,998
float_to_int_hash,411,938
float_to_int_hash,412,1005
float_to_int_hash,413,1060
float_to_int_hash,414,979
float_to_int_hash,415,1005
float_to_int_hash,416,1032
float_to_int_hash,417,1014
float_to_int_hash,418,1004
float_to_int_hash,419,991
float_to_int_hash,420,960
float_to_int_hash,421,1003
float_to_int_hash,422,934
float_to_int_hash,423,1020
float_to_int_hash,424,936
float_to_int_hash,425,973
float_to_int_hash,426,995
float_to_int_hash,427,978
float_to_int_hash,428,930
float_to_int_hash,429,996
float_to_int_hash,430,995
float_to_int_hash,431,980
float_to_int_hash,432,1015
float_to_int_hash,433,986
float_to_int_hash,434,975
float_to_int_hash,435,1015
float_to_int_hash,436,938
float_to_int_hash,437,987
float_to_int_hash,438,981
float_to_int_hash,439,988
float_to_int_hash,440,985
float_to_int_hash,441,1015
float_to_int_hash,442,977
float_to_int_hash,443,945
float_to_int_hash,444,946
float_to_int_hash,445,939
float_to_int_hash,446,1027
float_to_int_hash,447,994
float_to_int_hash,448,1016
float_to_int_hash,449,972
float_to_int_hash,450,997
float_to_int_hash,451,1024
float_to_int_hash,452,1017
float_to_int_hash,453,1025
float_to_int_hash,454,977
float_to_int_hash,455,1065
float_to_int_hash,456,969
float_to_int_hash,457,986
float_to_int_hash,458,1017
float_to_int_hash,459,1012
float_to_int_hash,460,969
float_to_int_hash,461,1043
float_to_int_hash,462,970
float_to_int_hash,463,962
float_to_int_hash,464,975
float_to_int_hash,465,937
float_to_int_hash,466,1005
float_to_int_hash,467,975
float_to_int_hash,468,1004
float_to_int_hash,469,980
float_to_int_hash,470,937
float_to_int_hash,471,988
float_to_int_hash,472,989
float_to_int_hash,473,1023
float_to_int_hash,474,1010
float_to_int_hash,475,990
float_to_int_hash,476,915
float_to_int_hash,477,949
float_to_int_hash,478,991
float_to_int_hash,479,981
float_to_int_hash,480,937
float_to_int_hash,481,1039
float_to_int_hash,482,1016
float_to_int_hash,483,956
float_to_int_hash,484,984
float_to_int_hash,485,977
float_to_int_hash,486,960
float_to_int_hash,487,956
float_to_int_hash,488,968
float_to_int_hash,489,943
float_to_int_hash,490,1017
float_to_int_hash,491,1005
float_to_int_hash,492,1035
float_to_int_hash,493,1017
float_to_int_hash,494,1023
float_to_int_hash,495,936
float_to_int_hash,496,983
float_to_int_hash,497,980
float_to_int_hash,498,998
float_to_int_hash,499,990
float_to_int_hash,500,994
float_to_int_hash,501,1000
float_to_int_hash,502,954
float_to_int_hash,503,960
float_to_int_hash,504,962
float_to_int_hash,505,1003
float_to_int_hash,506,1022
float_to_int_hash,507,965
float_to_int_hash,508,962
float_to_int_hash,509,1018
float_to_int_hash,510,944
float_to_int_hash,511,965
float_to_int_hash,512,1026
float_to_int_hash,513,894
float_to_int_hash,514,1031
float_to_int_hash,515,980
float_to_int_hash,516,950
float_to_int_hash,517,1032
float_to_int_hash,518,921
float_to_int_hash,519,944
float_to_int_hash,520,960
float_to_int_hash,521,934
float_to_int_hash,522,1004
float_to_int_hash,523,1034
float_to_int_hash,524,981
float_to_int_hash,525,944
float_to_int_hash,526,1008
float_to_int_hash,527,956
float_to_int_hash,528,969
float_to_int_hash,529,963
float_to_int_hash,530,989
float_to_int_hash,531,988
float_to_int_hash,532,943
float_to_int_hash,533,960
float_to_int_hash,534,970
float_to_int_hash,535,970
float_to_int_hash,536,997
float_to_int_hash,537,983
float_to_int_hash,538,935
float_to_int_hash,539,991
float_to_int_hash,540,1019
float_to_int_hash,541,912
float_to_int_hash,542,1016
float_to_int_hash,543,1047
float_to_int_hash,544,922
float_to_int_hash,545,986
float_to_int_hash,546,998
float_to_int_hash,547,1012
float_to_int_hash,548,950
float_to_int_hash,549,971
float_to_int_hash,550,971
float_to_int_hash,551,921
float_to_int_hash,552,938
float_to_int_hash,553,939
float_to_int_hash,554,929
float_to_int_hash,555,1010
float_to_int_hash,556,967
float_to_int_hash,557,933
float_to_int_hash,558,976
float_to_int_hash,559,990
float_to_int_hash,560,976
float_to_int_hash,561,994
float_to_int_hash,562,943
float_to_int_hash,563,1010
float_to_int_hash,564,981
float_to_int_hash,565,980
float_to_int_hash,566,923
float_to_int_hash,567,907
float_to_int_hash,568,1003
float_to_int_hash,569,955
float_to_int_hash,570,962
float_to_int_hash,571,1000
float_to_int_hash,572,937
float_to_int_hash,573,1029
float_to_int_hash,574,985
float_to_int_hash,575,927
float_to_int_hash,576,1002
float_to_int_hash,577,1002
float_to_int_hash,578,994
float_to_int_hash,579,960
float_to_int_hash,580,963
float_to_int_hash,581,1009
float_to_int_hash,582,948
float_to_int_hash,583,939
float_to_int_hash,584,904
float_to_int_hash,585,1025
float_to_int_hash,586,973
float_to_int_hash,587,954
float_to_int_hash,588,930
float_to_int_hash,589,970
float_to_int_hash,590,966
float_to_int_hash,591,920
float_to_int_hash,592,972
float_to_int_hash,593,951
float_to_int_hash,594,988
float_to_int_hash,595,1001
float_to_int_hash,596,926
float_to_int_hash,597,1000
float_to_int_hash,598,984
float_to_int_hash,599,965
float_to_int_hash,600,939
float_to_int_hash,601,978
float_to_int_hash,602,950
float_to_int_hash,603,965
float_to_int_hash,604,970
float_to_int_hash,605,928
float_to_int_hash,606,1015
float_to_int_hash,607,930
float_to_int_hash,608,950
float_to_int_hash,609,981
float_to_int_hash,610,972
float_to_int_hash,611,975
float_to_int_hash,612,996
float_to_int_hash,613,982
float_to_int_hash,614,971
float_to_int_hash,615,978
float_to_int_hash,616,939
float_to_int_hash,617,965
float_to_int_hash,618,979
float_to_int_hash,619,1024
float_to_int_hash,620,1006
float_to_int_hash,621,994
float_to_int_hash,622,949
float_to_int_hash,623,951
float_to_int_hash,624,955
float_to_int_hash,625,990
float_to_int_hash,626,970
float_to_int_hash,627,1020
float_to_int_hash,628,964
float_to_int_hash,629,1014
float_to_int_hash,630,950
float_to_int_hash,631,1001
float_to_int_hash,632,919
float_to_int_hash,633,960
float_to_int_hash,634,976
float_to_int_hash,635,1009
float_to_int_hash,636,925
float_to_int_hash,637,935
float_to_int_hash,638,965
float_to_int_hash,639,935
float_to_int_hash,640,961
float_to_int_hash,641,988
float_to_int_hash,642,968
float_to_int_hash,643,932
float_to_int_hash,644,972
float_to_int_hash,645,975
float_to_int_hash,646,974
float_to_int_hash,647,986
float_to_int_hash,648,935
float_to_int_hash,649,939
float_to_int_hash,650,951
float_to_int_hash,651,934
float_to_int_hash,652,948
float_to_int_hash,653,1013
float_to_int_hash,654,976
float_to_int_hash,655,976
float_to_int_hash,656,952
float_to_int_hash,657,988
float_to_int_hash,658,968
float_to_int_hash,659,1009
float_to_int_hash,660,881
float_to_int_hash,661,932
float_to_int_hash,662,956
float_to_int_hash,663,984
float_to_int_hash,664,956
float_to_int_hash,665,964
float_to_int_hash,666,1013
float_to_int_hash,667,995
float_to_int_hash,668,960
float_to_int_hash,669,935
float_to_int_hash,670,943
float_to_int_hash,671,989
float_to_int_hash,672,1006
float_to_int_hash,673,1002
float_to_int_hash,674,953
float_to_int_hash,675,977
float_to_int_hash,676,983
float_to_int_hash,677,1052
float_to_int_hash,678,933
float_to_int_hash,679,956
float_to_int_hash,680,967
float_to_int_hash,681,935
float_to_int_hash,682,977
float_to_int_hash,683,947
float_to_int_hash,684,982
float_to_int_hash,685,956
float_to_int_hash,686,996
float_to_int_hash,687,1024
float_to_int_hash,688,989
float_to_int_hash,689,969
float_to_int_hash,690,989
float_to_int_hash,691,961
float_to_int_hash,692,965
float_to_int_hash,693,1001
float_to_int_hash,694,929
float_to_int_hash,695,950
float_to_int_hash,696,1005
float_to_int_hash,697,976
float_to_int_hash,698,891
float_to_int_hash,699,935
float_to_int_hash,700,1035
float_to_int_hash,701,1005
float_to_int_hash,702,990
float_to_int_hash,703,1005
float_to_int_hash,704,1003
float_to_int_hash,705,918
float_to_int_hash,706,935
float_to_int_hash,707,957
float_to_int_hash,708,923
float_to_int_hash,709,930
float_to_int_hash,710,945
float_to_int_hash,711,972
float_to_int_hash,712,963
float_to_int_hash,713,947
float_to_int_hash,714,985
float_to_int_hash,715,961
float_to_int_hash,716,1014
float_to_int_hash,717,969
float_to_int_hash,718,990
float_to_int_hash,719,1041
float_to_int_hash,720,1001
float_to_int_hash,721,987
float_to_int_hash,722,954
float_to_int_hash,723,976
float_to_int_hash,724,954
float_to_int_hash,725,905
float_to_int_hash,726,922
float_to_int_hash,727,968
float_to_int_hash,728,993
float_to_int_hash,729,957
float_to_int_hash,730,965
float_to_int_hash,731,967
float_to_int_hash,732,993
float_to_int_hash,733,942
float_to_int_hash,734,908
float_to_int_hash,735,976
float_to_int_hash,736,1018
float_to_int_hash,737,970
float_to_int_hash,738,938
float_to_int_hash,739,932
float_to_int_hash,740,1008
float_to_int_hash,741,985
float_to_int_hash,742,992
float_to_int_hash,743,960
float_to_int_hash,744,868
float_to_int_hash,745,972
float_to_int_hash,746,983
float_to_int_hash,747,985
float_to_int_hash,748,935
float_to_int_hash,749,937
float_to_int_hash,750,959
float_to_int_hash,751,926
float_to_int_hash,752,967
float_to_int_hash,753,1006
float_to_int_hash,754,962
float_to_int_hash,755,999
float_to_int_hash,756,967
float_to_int_hash,757,983
float_to_int_hash,758,946
float_to_int_hash,759,896
float_to_int_hash,760,978
float_to_int_hash,761,960
float_to_int_hash,762,968
float_to_int_hash,763,935
float_to_int_hash,764,973
float_to_int_hash,765,960
float_to_int_hash,766,1005
float_to_int_hash,767,952
float_to_int_hash,768,975
float_to_int_hash,769,974
float_to_int_hash,770,974
float_to_int_hash,771,915
float_to_int_hash,772,955
float_to_int_hash,773,979
float_to_int_hash,774,988
float_to_int_hash,775,992
float_to_int_hash,776,942
float_to_int_hash,777,947
float_to_int_hash,778,958
float_to_int_hash,779,955
float_to_int_hash,780,1000
float_to_int_hash,781,1002
float_to_int_hash,782,946
float_to_int_hash,783,939
float_to_int_hash,784,1025
float_to_int_hash,785,940
float_to_int_hash,786,1044
float_to_int_hash,787,977
float_to_int_hash,788,1007
float_to_int_hash,789,962
float_to_int_hash,790,956
float_to_int_hash,791,964
float_to_int_hash,792,945
float_to_int_hash,793,971
float_to_int_hash,794,918
float_to_int_hash,795,930
float_to_int_hash,796,956
float_to_int_hash,797,955
float_to_int_hash,798,980
float_to_int_hash,799,933
float_to_int_hash,800,964
float_to_int_hash,801,1002
float_to_int_hash,802,953
float_to_int_hash,803,977
float_to_int_hash,804,981
float_to_int_hash,805,1015
float_to_int_hash,806,942
float_to_int_hash,807,953
float_to_int_hash,808,920
float_to_int_hash,809,991
float_to_int_hash,810,1001
float_to_int_hash,811,936
float_to_int_hash,812,943
float_to_int_hash,813,984
float_to_int_hash,814,990
float_to_int_hash,815,1023
float_to_int_hash,816,950
float_to_int_hash,817,969
float_to_int_hash,818,1014
float_to_int_hash,819,987
float_to_int_hash,820,967
float_to_int_hash,821,987
float_to_int_hash,822,981
float_to_int_hash,823,967
float_to_int_hash,824,973
float_to_int_hash,825,997
float_to_int_hash,826,974
float_to_int_hash,827,963
float_to_int_hash,828,1000
float_to_int_hash,829,1017
float_to_int_hash,830,945
float_to_int_hash,831,971
float_to_int_hash,832,938
float_to_int_hash,833,980
float_to_int_hash,834,965
float_to_int_hash,835,1002
float_to_int_hash,836,925
float_to_int_hash,837,985
float_to_int_hash,838,982
float_to_int_hash,839,1011
float_to_int_hash,840,920
float_to_int_hash,841,996
float_to_int_hash,842,965
float_to_int_hash,843,964
float_to_int_hash,844,1008
float_to_int_hash,845,962
float_to_int_hash,846,957
float_to_int_hash,847,959
float_to_int_hash,848,1040
float_to_int_hash,849,980
float_to_int_hash,850,949
float_to_int_hash,851,955
float_to_int_hash,852,1020
float_to_int_hash,853,965
float_to_int_hash,854,967
float_to_int_hash,855,951
float_to_int_hash,856,1019
float_to_int_hash,857,950
float_to_int_hash,858,898
float_to_int_hash,859,972
float_to_int_hash,860,969
float_to_int_hash,861,961
float_to_int_hash,862,993
float_to_int_hash,863,943
float_to_int_hash,864,979
float_to_int_hash,865,957
float_to_int_hash,866,1001
float_to_int_hash,867,939
float_to_int_hash,868,993
float_to_int_hash,869,935
float_to_int_hash,870,965
float_to_int_hash,871,979
float_to_int_hash,872,954
float_to_int_hash,873,928
float_to_int_hash,874,1013
float_to_int_hash,875,917
float_to_int_hash,876,956
float_to_int_hash,877,1001
float_to_int_hash,878,1016
float_to_int_hash,879,934
float_to_int_hash,880,979
float_to_int_hash,881,958
float_to_int_hash,882,1000
float_to_int_hash,883,971
float_to_int_hash,884,933
float_to_int_hash,885,955
float_to_int_hash,886,1014
float_to_int_hash,887,1007
float_to_int_hash,888,1032
float_to_int_hash,889,975
float_to_int_hash,890,953
float_to_int_hash,891,961
float_to_int_hash,892,936
float_to_int_hash,893,981
float_to_int_hash,894,945
float_to_int_hash,895,1001
float_to_int_hash,896,920
float_to_int_hash,897,974
float_to_int_hash,898,930
float_to_int_hash,899,928
float_to_int_hash,900,947
float_to_int_hash,901,956
float_to_int_hash,902,943
float_to_int_hash,903,967
float_to_int_hash,904,977
float_to_int_hash,905,994
float_to_int_hash,906,1000
float_to_int_hash,907,1001
float_to_int_hash,908,992
float_to_int_hash,909,970
float_to_int_hash,910,951
float_to_int_hash,911,944
float_to_int_hash,912,983
float_to_int_hash,913,927
float_to_int_hash,914,951
float_to_int_hash,915,953
float_to_int_hash,916,1008
float_to_int_hash,917,998
float_to_int_hash,918,984
float_to_int_hash,919,970
float_to_int_hash,920,975
float_to_int_hash,921,966
float_to_int_hash,922,1005
float_to_int_hash,923,963
float_to_int_hash,924,940
float_to_int_hash,925,964
float_to_int_hash,926,990
float_to_int_hash,927,985
float_to_int_hash,928,1003
float_to_int_hash,929,924
float_to_int_hash,930,968
float_to_int_hash,931,987
float_to_int_hash,932,984
float_to_int_hash,933,988
float_to_int_hash,934,979
float_to_int_hash,935,981
float_to_int_hash,936,1013
float_to_int_hash,937,935
float_to_int_hash,938,964
float_to_int_hash,939,939
float_to_int_hash,940,951
float_to_int_hash,941,970
float_to_int_hash,942,907
float_to_int_hash,943,983
float_to_int_hash,944,972
float_to_int_hash,945,956
float_to_int_hash,946,961
float_to_int_hash,947,930
float_to_int_hash,948,900
float_to_int_hash,949,910
float_to_int_hash,950,997
float_to_int_hash,951,957
float_to_int_hash,952,945
float_to_int_hash,953,964
float_to_int_hash,954,945
float_to_int_hash,955,1000
float_to_int_hash,956,1017
float_to_int_hash,957,965
float_to_int_hash,958,964
float_to_int_hash,959,991
float_to_int_hash,960,995
float_to_int_hash,961,994
float_to_int_hash,962,1036
float_to_int_hash,963,944
float_to_int_hash,964,947
float_to_int_hash,965,968
float_to_int_hash,966,994
float_to_int_hash,967,941
float_to_int_hash,968,998
float_to_int_hash,969,907
float_to_int_hash,970,978
float_to_int_hash,971,975
float_to_int_hash,972,927
float_to_int_hash,973,963
float_to_int_hash,974,931
float_to_int_hash,975,949
float_to_int_hash,976,964
float_to_int_hash,977,987
float_to_int_hash,978,950
float_to_int_hash,979,965
float_to_int_hash,980,1009
float_to_int_hash,981,945
float_to_int_hash,982,961
float_to_int_hash,983,987
float_to_int_hash,984,942
float_to_int_hash,985,1005
float_to_int_hash,986,962
float_to_int_hash,987,986
float_to_int_hash,988,1015
float_to_int_hash,989,1018
float_to_int_hash,990,963
float_to_int_hash,991,1007
float_to_int_hash,992,954
float_to_int_hash,993,969
float_to_int_hash,994,944
float_to_int_hash,995,985
float_to_int_hash,996,963
float_to_int_hash,997,1010
float_to_int_hash,998,966
float_to_int_hash,999,985
float_bit_hash,0,974
float_bit_hash,1,938
float_bit_hash,2,985
float_bit_hash,3,973
float_bit_hash,4,943
float_bit_hash,5,966
float_bit_hash,6,992
float_bit_hash,7,940
float_bit_hash,8,974
float_bit_hash,9,961
float_bit_hash,10,1003
float_bit_hash,11,964
float_bit_hash,12,996
float_bit_hash,13,1000
float_bit_hash,14,1092
float_bit_hash,15,1004
float_bit_hash,16,970
float_bit_hash,17,999
float_bit_hash,18,1013
float_bit_hash,19,955
float_bit_hash,20,965
float_bit_hash,21,1019
float_bit_hash,22,954
float_bit_hash,23,1009
float_bit_hash,24,1015
float_bit_hash,25,968
float_bit_hash,26,981
float_bit_hash,27,957
float_bit_hash,28,997
float_bit_hash,29,980
float_bit_hash,30,936
float_bit_hash,31,983
float_bit_hash,32,951
float_bit_hash,33,977
float_bit_hash,34,1014
float_bit_hash,35,976
float_bit_hash,36,988
float_bit_hash,37,974
float_bit_hash,38,976
float_bit_hash,39,1010
float_bit_hash,40,917
float_bit_hash,41,993
float_bit_hash,42,947
float_bit_hash,43,1005
float_bit_hash,44,978
float_bit_hash,45,965
float_bit_hash,46,946
float_bit_hash,47,995
float_bit_hash,48,959
float_bit_hash,49,989
float_bit_hash,50,934
float_bit_hash,51,943
float_bit_hash,52,921
float_bit_hash,53,986
float_bit_hash,54,966
float_bit_hash,55,961
float_bit_hash,56,996
float_bit_hash,57,975
float_bit_hash,58,958
float_bit_hash,59,1029
float_bit_hash,60,1021
float_bit_hash,61,984
float_bit_hash,62,970
float_bit_hash,63,949
float_bit_hash,64,932
float_bit_hash,65,942
float_bit_hash,66,967
float_bit_hash,67,942
float_bit_hash,68,1009
float_bit_hash,69,1001
float_bit_hash,70,930
float_bit_hash,71,1053
float_bit_hash,72,1039
float_bit_hash,73,961
float_bit_hash,74,965
float_bit_hash,75,1034
float_bit_hash,76,955
float_bit_hash,77,988
float_bit_hash,78,997
float_bit_hash,79,982
float_bit_hash,80,933
float_bit_hash,81,1001
float_bit_hash,82,971
float_bit_hash,83,912
float_bit_hash,84,980
float_bit_hash,85,986
float_bit_hash,86,1010
float_bit_hash,87,931
float_bit_hash,88,991
float_bit_hash,89,948
float_bit_hash,90,972
float_bit_hash,91,989
float_bit_hash,92,999
float_bit_hash,93,949
float_bit_hash,94,940
float_bit_hash,95,961
float_bit_hash,96,997
float_bit_hash,97,989
float_bit_hash,98,1016
float_bit_hash,99,991
float_bit_hash,100,1026
float_bit_hash,101,983
float_bit_hash,102,984
float_bit_hash,103,1062
float_bit_hash,104,1010
float_bit_hash,105,992
float_bit_hash,106,964
float_bit_hash,107,964
float_bit_hash,108,956
float_bit_hash,109,1020
float_bit_hash,110,995
float_bit_hash,111,1024
float_bit_hash,112,981
float_bit_hash,113,970
float_bit_hash,114,963
float_bit_hash,115,962
float_bit_hash,116,983
float_bit_hash,117,965
float_bit_hash,118,981
float_bit_hash,119,957
float_bit_hash,120,1006
float_bit_hash,121,969
float_bit_hash,122,962
float_bit_hash,123,912
float_bit_hash,124,914
float_bit_hash,125,941
float_bit_hash,126,966
float_bit_hash,127,983
float_bit_hash,128,943
float_bit_hash,129,978
float_bit_hash,130,939
float_bit_hash,131,981
float_bit_hash,132,942
float_bit_hash,133,990
float_bit_hash,134,973
float_bit_hash,135,977
float_bit_hash,136,966
float_bit_hash,137,984
float_bit_hash,138,1005
float_bit_hash,139,1045
float_bit_hash,140,996
float_bit_hash,141,959
float_bit_hash,142,963
float_bit_hash,143,944
float_bit_hash,144,996
float_bit_hash,145,1022
float_bit_hash,146,926
float_bit_hash,147,973
float_bit_hash,148,988
float_bit_hash,149,941
float_bit_hash,150,936
float_bit_hash,151,984
float_bit_hash,152,984
float_bit_hash,153,968
float_bit_hash,154,977
float_bit_hash,155,985
float_bit_hash,156,948
float_bit_hash,157,1002
float_bit_hash,158,946
float_bit_hash,159,1030
float_bit_hash,160,970
float_bit_hash,161,993
float_bit_hash,162,955
float_bit_hash,163,941
float_bit_hash,164,960
float_bit_hash,165,951
float_bit_hash,166,956
float_bit_hash,167,949
float_bit_hash,168,946
float_bit_hash,169,952
float_bit_hash,170,1004
float_bit_hash,171,968
float_bit_hash,172,1032
float_bit_hash,173,970
float_bit_hash,174,1115
float_bit_hash,175,935
float_bit_hash,176,1012
float_bit_hash,177,995
float_bit_hash,178,1037
float_bit_hash,179,970
float_bit_hash,180,999
float_bit_hash,181,961
float_bit_hash,182,971
float_bit_hash,183,935
float_bit_hash,184,1000
float_bit_hash,185,934
float_bit_hash,186,998
float_bit_hash,187,975
float_bit_hash,188,1025
float_bit_hash,189,966
float_bit_hash,190,949
float_bit_hash,191,934
float_bit_hash,192,990
float_bit_hash,193,973
float_bit_hash,194,992
float_bit_hash,195,1022
float_bit_hash,196,985
float_bit_hash,197,1006
float_bit_hash,198,956
float_bit_hash,199,927
float_bit_hash,200,1032
float_bit_hash,201,1022
float_bit_hash,202,991
float_bit_hash,203,950
float_bit_hash,204,1062
float_bit_hash,205,1022
float_bit_hash,206,984
float_bit_hash,207,1033
float_bit_hash,208,938
float_bit_hash,209,944
float_bit_hash,210,1004
float_bit_hash,211,1022
float_bit_hash,212,992
float_bit_hash,213,1057
float_bit_hash,214,914
float_bit_hash,215,1013
float_bit_hash,216,915
float_bit_hash,217,1012
float_bit_hash,218,969
float_bit_hash,219,979
float_bit_hash,220,959
float_bit_hash,221,1026
float_bit_hash,222,952
float_bit_hash,223,1103
float_bit_hash,224,953
float_bit_hash,225,927
float_bit_hash,226,1011
float_bit_hash,227,1026
float_bit_hash,228,979
float_bit_hash,229,948
float_bit_hash,230,932
float_bit_hash,231,988
float_bit_hash,232,1002
float_bit_hash,233,999
float_bit_hash,234,999
float_bit_hash,235,993
float_bit_hash,236,963
float_bit_hash,237,943
float_bit_hash,238,963
float_bit_hash,239,1003
float_bit_hash,240,992
float_bit_hash,241,940
float_bit_hash,242,994
float_bit_hash,243,1012
float_bit_hash,244,929
float_bit_hash,245,1033
float_bit_hash,246,934
float_bit_hash,247,1012
float_bit_hash,248,953
float_bit_hash,249,985
float_bit_hash,250,1028
float_bit_hash,251,973
float_bit_hash,252,991
float_bit_hash,253,999
float_bit_hash,254,994
float_bit_hash,255,953
float_bit_hash,256,1010
float_bit_hash,257,938
float_bit_hash,258,945
float_bit_hash,259,971
float_bit_hash,260,1034
float_bit_hash,261,936
float_bit_hash,262,1043
float_bit_hash,263,938
float_bit_hash,264,998
float_bit_hash,265,1005
float_bit_hash,266,966
float_bit_hash,267,967
float_bit_hash,268,1014
float_bit_hash,269,962
float_bit_hash,270,1002
float_bit_hash,271,957
float_bit_hash,272,983
float_bit_hash,273,1024
float_bit_hash,274,990
float_bit_hash,275,1007
float_bit_hash,276,953
float_bit_hash,277,998
float_bit_hash,278,954
float_bit_hash,279,945
float_bit_hash,280,958
float_bit_hash,281,985
float_bit_hash,282,1016
float_bit_hash,283,1005
float_bit_hash,284,1060
float_bit_hash,285,976
float_bit_hash,286,1014
float_bit_hash,287,993
float_bit_hash,288,957
float_bit_hash,289,948
float_bit_hash,290,951
float_bit_hash,291,961
float_bit_hash,292,955
float_bit_hash,293,1005
float_bit_hash,294,940
float_bit_hash,295,998
float_bit_hash,296,998
float_bit_hash,297,996
float_bit_hash,298,982
float_bit_hash,299,1000
float_bit_hash,300,917
float_bit_hash,301,1031
float_bit_hash,302,938
float_bit_hash,303,987
float_bit_hash,304,1011
float_bit_hash,305,967
float_bit_hash,306,934
float_bit_hash,307,1015
float_bit_hash,308,976
float_bit_hash,309,978
float_bit_hash,310,943
float_bit_hash,311,1008
float_bit_hash,312,974
float_bit_hash,313,1006
float_bit_hash,314,962
float_bit_hash,315,985
float_bit_hash,316,943
float_bit_hash,317,1020
float_bit_hash,318,967
float_bit_hash,319,968
float_bit_hash,320,975
float_bit_hash,321,1019
float_bit_hash,322,1028
float_bit_hash,323,946
float_bit_hash,324,973
float_bit_hash,325,998
float_bit_hash,326,961
float_bit_hash,327,989
float_bit_hash,328,978
float_bit_hash,329,979
float_bit_hash,330,1028
float_bit_hash,331,994
float_bit_hash,332,935
float_bit_hash,333,972
float_bit_hash,334,964
float_bit_hash,335,998
float_bit_hash,336,1000
float_bit_hash,337,973
float_bit_hash,338,978
float_bit_hash,339,998
float_bit_hash,340,1028
float_bit_hash,341,953
float_bit_hash,342,963
float_bit_hash,343,985
float_bit_hash,344,976
float_bit_hash,345,956
float_bit_hash,346,995
float_bit_hash,347,942
float_bit_hash,348,992
float_bit_hash,349,939
float_bit_hash,350,973
float_bit_hash,351,989
float_bit_hash,352,976
float_bit_hash,353,979
float_bit_hash,354,1016
float_bit_hash,355,990
float_bit_hash,356,983
float_bit_hash,357,920
float_bit_hash,358,981
float_bit_hash,359,969
float_bit_hash,360,978
float_bit_hash,361,998
float_bit_hash,362,977
float_bit_hash,363,960
float_bit_hash,364,1008
float_bit_hash,365,1012
float_bit_hash,366,976
float_bit_hash,367,939
float_bit_hash,368,979
float_bit_hash,369,981
float_bit_hash,370,988
float_bit_hash,371,968
float_bit_hash,372,978
float_bit_hash,373,1018
float_bit_hash,374,998
float_bit_hash,375,911
float_bit_hash,376,953
float_bit_hash,377,996
float_bit_hash,378,996
float_bit_hash,379,978
float_bit_hash,380,955
float_bit_hash,381,994
float_bit_hash,382,984
float_bit_hash,383,1033
float_bit_hash,384,970
float_bit_hash,385,985
float_bit_hash,386,967
float_bit_hash,387,969
float_bit_hash,388,949
float_bit_hash,389,928
float_bit_hash,390,965
float_bit_hash,391,1036
float_bit_hash,392,969
float_bit_hash,393,1033
float_bit_hash,394,955
float_bit_hash,395,957
float_bit_hash,396,951
float_bit_hash,397,1006
float_bit_hash,398,959
float_bit_hash,399,998
float_bit_hash,400,960
float_bit_hash,401,1002
float_bit_hash,402,978
float_bit_hash,403,960
float_bit_hash,404,1012
float_bit_hash,405,1042
float_bit_hash,406,996
float_bit_hash,407,975
float_bit_hash,408,964
float_bit_hash,409,1011
float_bit_hash,410,994
float_bit_hash,411,1030
float_bit_hash,412,909
float_bit_hash,413,1028
float_bit_hash,414,994
float_bit_hash,415,954
float_bit_hash,416,944
float_bit_hash,417,971
float_bit_hash,418,972
float_bit_hash,419,933
float_bit_hash,420,1003
float_bit_hash,421,991
float_bit_hash,422,970
float_bit_hash,423,1016
float_bit_hash,424,1009
float_bit_hash,425,924
float_bit_hash,426,1007
float_bit_hash,427,980
float_bit_hash,428,996
float_bit_hash,429,940
float_bit_hash,430,997
float_bit_hash,431,980
float_bit_hash,432,1063
float_bit_hash,433,988
float_bit_hash,434,917
float_bit_hash,435,960
float_bit_hash,436,1002
float_bit_hash,437,915
float_bit_hash,438,1017
float_bit_hash,439,1014
float_bit_hash,440,1012
float_bit_hash,441,1026
float_bit_hash,442,963
float_bit_hash,443,947
float_bit_hash,444,994
float_bit_hash,445,1023
float_bit_hash,446,968
float_bit_hash,447,979
float_bit_hash,448,999
float_bit_hash,449,966
float_bit_hash,450,976
float_bit_hash,451,1024
float_bit_hash,452,1012
float_bit_hash,453,982
float_bit_hash,454,1031
float_bit_hash,455,1019
float_bit_hash,456,956
float_bit_hash,457,971
float_bit_hash,458,911
float_bit_hash,459,1072
float_bit_hash,460,952
float_bit_hash,461,970
float_bit_hash,462,1000
float_bit_hash,463,1015
float_bit_hash,464,949
float_bit_hash,465,1011
float_bit_hash,466,988
float_bit_hash,467,948
float_bit_hash,468,970
float_bit_hash,469,1010
float_bit_hash,470,921
float_bit_hash,471,978
float_bit_hash,472,999
float_bit_hash,473,997
float_bit_hash,474,983
float_bit_hash,475,1006
float_bit_hash,476,970
float_bit_hash,477,1017
float_bit_hash,478,1003
float_bit_hash,479,953
float_bit_hash,480,958
float_bit_hash,481,1013
float_bit_hash,482,998
float_bit_hash,483,933
float_bit_hash,484,964
float_bit_hash,485,1017
float_bit_hash,486,983
float_bit_hash,487,1032
float_bit_hash,488,972
float_bit_hash,489,1020
float_bit_hash,490,997
float_bit_hash,491,989
float_bit_hash,492,970
float_bit_hash,493,1046
float_bit_hash,494,957
float_bit_hash,495,997
float_bit_hash,496,959
float_bit_hash,497,954
float_bit_hash,498,1024
float_bit_hash,499,1009
float_bit_hash,500,943
float_bit_hash,501,976
float_bit_hash,502,996
float_bit_hash,503,1006
float_bit_hash,504,923
float_bit_hash,505,953
float_bit_hash,506,1039
float_bit_hash,507,957
float_bit_hash,508,990
float_bit_hash,509,947
float_bit_hash,510,998
float_bit_hash,511,1021
float_bit_hash,512,1018
float_bit_hash,513,933
float_bit_hash,514,975
float_bit_hash,515,971
float_bit_hash,516,994
float_bit_hash,517,936
float_bit_hash,518,1028
float_bit_hash,519,926
float_bit_hash,520,999
float_bit_hash,521,939
float_bit_hash,522,982
float_bit_hash,523,954
float_bit_hash,524,964
float_bit_hash,525,1050
float_bit_hash,526,1006
float_bit_hash,527,965
float_bit_hash,528,1006
float_bit_hash,529,992
float_bit_hash,530,939
float_bit_hash,531,976
float_bit_hash,532,988
float_bit_hash,533,915
float_bit_hash,534,980
float_bit_hash,535,936
float_bit_hash,536,971
float_bit_hash,537,1028
float_bit_hash,538,983
float_bit_hash,539,1015
float_bit_hash,540,967
float_bit_hash,541,1004
float_bit_hash,542,989
float_bit_hash,543,1082
float_bit_hash,544,1013
float_bit_hash,545,946
float_bit_hash,546,1000
float_bit_hash,547,979
float_bit_hash,548,972
float_bit_hash,549,987
float_bit_hash,550,888
float_bit_hash,551,1065
float_bit_hash,552,962
float_bit_hash,553,998
float_bit_hash,554,1035
float_bit_hash,555,981
float_bit_hash,556,944
float_bit_hash,557,1023
float_bit_hash,558,994
float_bit_hash,559,952
float_bit_hash,560,927
float_bit_hash,561,977
float_bit_hash,562,1042
float_bit_hash,563,940
float_bit_hash,564,1003
float_bit_hash,565,984
float_bit_hash,566,967
float_bit_hash,567,953
float_bit_hash,568,947
float_bit_hash,569,996
float_bit_hash,570,990
float_bit_hash,571,966
float_bit_hash,572,1002
float_bit_hash,573,897
float_bit_hash,574,976
float_bit_hash,575,957
float_bit_hash,576,966
float_bit_hash,577,1039
float_bit_hash,578,969
float_bit_hash,579,1036
float_bit_hash,580,973
float_bit_hash,581,1002
float_bit_hash,582,990
float_bit_hash,583,981
float_bit_hash,584,954
float_bit_hash,585,999
float_bit_hash,586,1000
float_bit_hash,587,969
float_bit_hash,588,1075
float_bit_hash,589,991
float_bit_hash,590,1013
float_bit_hash,591,994
float_bit_hash,592,1016
float_bit_hash,593,966
float_bit_hash,594,977
float_bit_hash,595,1003
float_bit_hash,596,1020
float_bit_hash,597,989
float_bit_hash,598,993
float_bit_hash,599,1003
float_bit_hash,600,1015
float_bit_hash,601,998
float_bit_hash,602,1047
float_bit_hash,603,945
float_bit_hash,604,952
float_bit_hash,605,948
float_bit_hash,606,931
float_bit_hash,607,947
float_bit_hash,608,1005
float_bit_hash,609,900
float_bit_hash,610,1025
float_bit_hash,611,960
float_bit_hash,612,958
float_bit_hash,613,968
float_bit_hash,614,1001
float_bit_hash,615,953
float_bit_hash,616,958
float_bit_hash,617,930
float_bit_hash,618,961
float_bit_hash,619,970
float_bit_hash,620,1034
float_bit_hash,621,935
float_bit_hash,622,948
float_bit_hash,623,1014
float_bit_hash,624,955
float_bit_hash,625,998
float_bit_hash,626,929
float_bit_hash,627,967
float_bit_hash,628,961
float_bit_hash,629,1057
float_bit_hash,630,1029
float_bit_hash,631,981
float_bit_hash,632,926
float_bit_hash,633,947
float_bit_hash,634,981
float_bit_hash,635,970
float_bit_hash,636,934
float_bit_hash,637,989
float_bit_hash,638,931
float_bit_hash,639,1019
float_bit_hash,640,926
float_bit_hash,641,992
float_bit_hash,642,985
float_bit_hash,643,949
float_bit_hash,644,1005
float_bit_hash,645,987
float_bit_hash,646,1005
float_bit_hash,647,931
float_bit_hash,648,896
float_bit_hash,649,938
float_bit_hash,650,990
float_bit_hash,651,993
float_bit_hash,652,1034
float_bit_hash,653,947
float_bit_hash,654,932
float_bit_hash,655,986
float_bit_hash,656,1019
float_bit_hash,657,987
float_bit_hash,658,990
float_bit_hash,659,1008
float_bit_hash,660,945
float_bit_hash,661,984
float_bit_hash,662,993
float_bit_hash,663,1059
float_bit_hash,664,958
float_bit_hash,665,945
float_bit_hash,666,948
float_bit_hash,667,984
float_bit_hash,668,1007
float_bit_hash,669,949
float_bit_hash,670,962
float_bit_hash,671,985
float_bit_hash,672,959
float_bit_hash,673,967
float_bit_hash,674,996
float_bit_hash,675,925
float_bit_hash,676,945
float_bit_hash,677,1021
float_bit_hash,678,1002
float_bit_hash,679,1025
float_bit_hash,680,980
float_bit_hash,681,1028
float_bit_hash,682,931
float_bit_hash,683,984
float_bit_hash,684,955
float_bit_hash,685,1013
float_bit_hash,686,920
float_bit_hash,687,935
float_bit_hash,688,974
float_bit_hash,689,941
float_bit_hash,690,957
float_bit_hash,691,974
float_bit_hash,692,975
float_bit_hash,693,959
float_bit_hash,694,955
float_bit_hash,695,931
float_bit_hash,696,939
float_bit_hash,697,960
float_bit_hash,698,1026
float_bit_hash,699,916
float_bit_hash,700,986
float_bit_hash,701,973
float_bit_hash,702,968
float_bit_hash,703,1007
float_bit_hash,704,919
float_bit_hash,705,933
float_bit_hash,706,1021
float_bit_hash,707,1010
float_bit_hash,708,947
float_bit_hash,709,953
float_bit_hash,710,1026
float_bit_hash,711,1017
float_bit_hash,712,1001
float_bit_hash,713,982
float_bit_hash,714,931
float_bit_hash,715,994
float_bit_hash,716,947
float_bit_hash,717,1086
float_bit_hash,718,1023
float_bit_hash,719,1013
float_bit_hash,720,940
float_bit_hash,721,1016
float_bit_hash,722,933
float_bit_hash,723,1062
float_bit_hash,724,969
float_bit_hash,725,969
float_bit_hash,726,975
float_bit_hash,727,991
float_bit_hash,728,982
float_bit_hash,729,972
float_bit_hash,730,924
float_bit_hash,731,1026
float_bit_hash,732,973
float_bit_hash,733,985
float_bit_hash,734,905
float_bit_hash,735,1005
float_bit_hash,736,956
float_bit_hash,737,1000
float_bit_hash,738,928
float_bit_hash,739,978
float_bit_hash,740,967
float_bit_hash,741,1056
float_bit_hash,742,985
float_bit_hash,743,998
float_bit_hash,744,988
float_bit_hash,745,1025
float_bit_hash,746,966
float_bit_hash,747,1012
float_bit_hash,748,954
float_bit_hash,749,988
float_bit_hash,750,999
float_bit_hash,751,1025
float_bit_hash,752,1020
float_bit_hash,753,974
float_bit_hash,754,1010
float_bit_hash,755,932
float_bit_hash,756,998
float_bit_hash,757,1023
float_bit_hash,758,1025
float_bit_hash,759,940
float_bit_hash,760,960
float_bit_hash,761,982
float_bit_hash,762,1023
float_bit_hash,763,934
float_bit_hash,764,967
float_bit_hash,765,954
float_bit_hash,766,1019
float_bit_hash,767,983
float_bit_hash,768,914
float_bit_hash,769,991
float_bit_hash,770,996
float_bit_hash,771,982
float_bit_hash,772,965
float_bit_hash,773,925
float_bit_hash,774,1004
float_bit_hash,775,954
float_bit_hash,776,933
float_bit_hash,777,953
float_bit_hash,778,981
float_bit_hash,779,947
float_bit_hash,780,947
float_bit_hash,781,962
float_bit_hash,782,954
float_bit_hash,783,1002
float_bit_hash,784,970
float_bit_hash,785,916
float_bit_hash,786,984
float_bit_hash,787,954
float_bit_hash,788,960
float_bit_hash,789,992
float_bit_hash,790,1002
float_bit_hash,791,934
float_bit_hash,792,1030
float_bit_hash,793,996
float_bit_hash,794,946
float_bit_hash,795,958
float_bit_hash,796,920
float_bit_hash,797,1001
float_bit_hash,798,957
float_bit_hash,799,960
float_bit_hash,800,943
float_bit_hash,801,992
float_bit_hash,802,949
float_bit_hash,803,992
float_bit_hash,804,958
float_bit_hash,805,994
float_bit_hash,806,936
float_bit_hash,807,967
float_bit_hash,808,1022
float_bit_hash,809,984
float_bit_hash,810,963
float_bit_hash,811,1012
float_bit_hash,812,934
float_bit_hash,813,913
float_bit_hash,814,967
float_bit_hash,815,1020
float_bit_hash,816,961
float_bit_hash,817,926
float_bit_hash,818,944
float_bit_hash,819,984
float_bit_hash,820,941
float_bit_hash,821,1001
float_bit_hash,822,946
float_bit_hash,823,1007
float_bit_hash,824,998
float_bit_hash,825,1030
float_bit_hash,826,981
float_bit_hash,827,974
float_bit_hash,828,984
float_bit_hash,829,1009
float_bit_hash,830,1002
float_bit_hash,831,957
float_bit_hash,832,951
float_bit_hash,833,976
float_bit_hash,834,1001
float_bit_hash,835,926
float_bit_hash,836,996
float_bit_hash,837,975
float_bit_hash,838,978
float_bit_hash,839,965
float_bit_hash,840,999
float_bit_hash,841,959
float_bit_hash,842,1001
float_bit_hash,843,961
float_bit_hash,844,1011
float_bit_hash,845,933
float_bit_hash,846,1013
float_bit_hash,847,941
float_bit_hash,848,957
float_bit_hash,849,959
float_bit_hash,850,1005
float_bit_hash,851,999
float_bit_hash,852,996
float_bit_hash,853,994
float_bit_hash,854,984
float_bit_hash,855,983
float_bit_hash,856,976
float_bit_hash,857,941
float_bit_hash,858,990
float_bit_hash,859,1008
float_bit_hash,860,993
float_bit_hash,861,1007
float_bit_hash,862,922
float_bit_hash,863,977
float_bit_hash,864,950
float_bit_hash,865,991
float_bit_hash,866,980
float_bit_hash,867,967
float_bit_hash,868,979
float_bit_hash,869,952
float_bit_hash,870,934
float_bit_hash,871,942
float_bit_hash,872,1000
float_bit_hash,873,938
float_bit_hash,874,1008
float_bit_hash,875,1013
float_bit_hash,876,957
float_bit_hash,877,977
float_bit_hash,878,1027
float_bit_hash,879,1007
float_bit_hash,880,988
float_bit_hash,881,1007
float_bit_hash,882,1013
float_bit_hash,883,1002
float_bit_hash,884,936
float_bit_hash,885,989
float_bit_hash,886,962
float_bit_hash,887,967
float_bit_hash,888,1020
float_bit_hash,889,984
float_bit_hash,890,989
float_bit_hash,891,983
float_bit_hash,892,1027
float_bit_hash,893,960
float_bit_hash,894,942
float_bit_hash,895,925
float_bit_hash,896,1005
float_bit_hash,897,957
float_bit_hash,898,885
float_bit_hash,899,995
float_bit_hash,900,976
float_bit_hash,901,931
float_bit_hash,902,994
float_bit_hash,903,963
float_bit_hash,904,984
float_bit_hash,905,1007
float_bit_hash,906,1047
float_bit_hash,907,1003
float_bit_hash,908,977
float_bit_hash,909,1034
float_bit_hash,910,998
float_bit_hash,911,968
float_bit_hash,912,963
float_bit_hash,913,934
float_bit_hash,914,1021
float_bit_hash,915,1005
float_bit_hash,916,1006
float_bit_hash,917,953
float_bit_hash,918,964
float_bit_hash,919,1014
float_bit_hash,920,956
float_bit_hash,921,1024
float_bit_hash,922,996
float_bit_hash,923,968
float_bit_hash,924,1022
float_bit_hash,925,945
float_bit_hash,926,963
float_bit_hash,927,933
float_bit_hash,928,997
float_bit_hash,929,969
float_bit_hash,930,989
float_bit_hash,931,972
float_bit_hash,932,1008
float_bit_hash,933,975
float_bit_hash,934,964
float_bit_hash,935,979
float_bit_hash,936,995
float_bit_hash,937,964
float_bit_hash,938,984
float_bit_hash,939,1024
float_bit_hash,940,968
float_bit_hash,941,1003
float_bit_hash,942,968
float_bit_hash,943,1014
float_bit_hash,944,985
float_bit_hash,945,934
float_bit_hash,946,1012
float_bit_hash,947,968
float_bit_hash,948,968
float_bit_hash,949,927
float_bit_hash,950,1027
float_bit_hash,951,962
float_bit_hash,952,1009
float_bit_hash,953,940
float_bit_hash,954,967
float_bit_hash,955,998
float_bit_hash,956,968
float_bit_hash,957,999
float_bit_hash,958,994
float_bit_hash,959,976
float_bit_hash,960,1027
float_bit_hash,961,956
float_bit_hash,962,915
float_bit_hash,963,965
float_bit_hash,964,944
float_bit_hash,965,1034
float_bit_hash,966,961
float_bit_hash,967,972
float_bit_hash,968,1002
float_bit_hash,969,1008
float_bit_hash,970,970
float_bit_hash,971,1010
float_bit_hash,972,988
float_bit_hash,973,989
float_bit_hash,974,965
float_bit_hash,975,1040
float_bit_hash,976,988
float_bit_hash,977,950
float_bit_hash,978,921
float_bit_hash,979,1035
float_bit_hash,980,957
float_bit_hash,981,964
float_bit_hash,982,978
float_bit_hash,983,964
float_bit_hash,984,941
float_bit_hash,985,962
float_bit_hash,986,963
float_bit_hash,987,929
float_bit_hash,988,1027
float_bit_hash,989,1030
float_bit_hash,990,955
float_bit_hash,991,1031
float_bit_hash,992,1023
float_bit_hash,993,990
float_bit_hash,994,993
float_bit_hash,995,943
float_bit_hash,996,994
float_bit_hash,997,919
float_bit_hash,998,955
float_bit_hash,999,996
