int_remainder_hash,115.108000
int_bit_hash,117.085000
int_multiplication_hash,1577.102000
int_remainder_hash,0,996
int_remainder_hash,1,1028
int_remainder_hash,2,990
int_remainder_hash,3,1014
int_remainder_hash,4,992
int_remainder_hash,5,989
int_remainder_hash,6,1030
int_remainder_hash,7,985
int_remainder_hash,8,1001
int_remainder_hash,9,941
int_remainder_hash,10,1001
int_remainder_hash,11,969
int_remainder_hash,12,1004
int_remainder_hash,13,996
int_remainder_hash,14,996
int_remainder_hash,15,950
int_remainder_hash,16,1044
int_remainder_hash,17,1022
int_remainder_hash,18,980
int_remainder_hash,19,979
int_remainder_hash,20,966
int_remainder_hash,21,1021
int_remainder_hash,22,1053
int_remainder_hash,23,992
int_remainder_hash,24,996
int_remainder_hash,25,999
int_remainder_hash,26,955
int_remainder_hash,27,1019
int_remainder_hash,28,1008
int_remainder_hash,29,1002
int_remainder_hash,30,992
int_remainder_hash,31,974
int_remainder_hash,32,1011
int_remainder_hash,33,998
int_remainder_hash,34,993
int_remainder_hash,35,1064
int_remainder_hash,36,1061
int_remainder_hash,37,986
int_remainder_hash,38,1004
int_remainder_hash,39,1050
int_remainder_hash,40,1019
int_remainder_hash,41,993
int_remainder_hash,42,1007
int_remainder_hash,43,1005
int_remainder_hash,44,1041
int_remainder_hash,45,942
int_remainder_hash,46,1023
int_remainder_hash,47,995
int_remainder_hash,48,971
int_remainder_hash,49,939
int_remainder_hash,50,967
int_remainder_hash,51,1002
int_remainder_hash,52,951
int_remainder_hash,53,1019
int_remainder_hash,54,985
int_remainder_hash,55,949
int_remainder_hash,56,964
int_remainder_hash,57,1007
int_remainder_hash,58,1078
int_remainder_hash,59,1019
int_remainder_hash,60,981
int_remainder_hash,61,991
int_remainder_hash,62,1059
int_remainder_hash,63,1009
int_remainder_hash,64,1029
int_remainder_hash,65,998
int_remainder_hash,66,1010
int_remainder_hash,67,1028
int_remainder_hash,68,992
int_remainder_hash,69,983
int_remainder_hash,70,930
int_remainder_hash,71,1041
int_remainder_hash,72,1007
int_remainder_hash,73,1055
int_remainder_hash,74,1014
int_remainder_hash,75,1012
int_remainder_hash,76,1056
int_remainder_hash,77,980
int_remainder_hash,78,1017
int_remainder_hash,79,1038
int_remainder_hash,80,936
int_remainder_hash,81,979
int_remainder_hash,82,989
int_remainder_hash,83,1042
int_remainder_hash,84,1015
int_remainder_hash,85,1008
int_remainder_hash,86,1018
int_remainder_hash,87,1022
int_remainder_hash,88,977
int_remainder_hash,89,1041
int_remainder_hash,90,1050
int_remainder_hash,91,1003
int_remainder_hash,92,1026
int_remainder_hash,93,955
int_remainder_hash,94,1016
int_remainder_hash,95,1037
int_remainder_hash,96,991
int_remainder_hash,97,931
int_remainder_hash,98,1058
int_remainder_hash,99,963
int_remainder_hash,100,1012
int_remainder_hash,101,988
int_remainder_hash,102,990
int_remainder_hash,103,975
int_remainder_hash,104,987
int_remainder_hash,105,988
int_remainder_hash,106,1038
int_remainder_hash,107,987
int_remainder_hash,108,1020
int_remainder_hash,109,963
int_remainder_hash,110,991
int_remainder_hash,111,1059
int_remainder_hash,112,975
int_remainder_hash,113,987
int_remainder_hash,114,1041
int_remainder_hash,115,1009
int_remainder_hash,116,953
int_remainder_hash,117,1037
int_remainder_hash,118,1085
int_remainder_hash,119,961
int_remainder_hash,120,1013
int_remainder_hash,121,998
int_remainder_hash,122,993
int_remainder_hash,123,977
int_remainder_hash,124,1035
int_remainder_hash,125,1039
int_remainder_hash,126,957
int_remainder_hash,127,923
int_remainder_hash,128,1047
int_remainder_hash,129,982
int_remainder_hash,130,967
int_remainder_hash,131,944
int_remainder_hash,132,955
int_remainder_hash,133,975
int_remainder_hash,134,1005
int_remainder_hash,135,1023
int_remainder_hash,136,1026
int_remainder_hash,137,998
int_remainder_hash,138,976
int_remainder_hash,139,1052
int_remainder_hash,140,960
int_remainder_hash,141,1014
int_remainder_hash,142,1030
int_remainder_hash,143,988
int_remainder_hash,144,979
int_remainder_hash,145,966
int_remainder_hash,146,1018
int_remainder_hash,147,1008
int_remainder_hash,148,1001
int_remainder_hash,149,981
int_remainder_hash,150,985
int_remainder_hash,151,1033
int_remainder_hash,152,989
int_remainder_hash,153,973
int_remainder_hash,154,1019
int_remainder_hash,155,969
int_remainder_hash,156,1035
int_remainder_hash,157,945
int_remainder_hash,158,1056
int_remainder_hash,159,996
int_remainder_hash,160,968
int_remainder_hash,161,958
int_remainder_hash,162,984
int_remainder_hash,163,1062
int_remainder_hash,164,1001
int_remainder_hash,165,1053
int_remainder_hash,166,948
int_remainder_hash,167,1026
int_remainder_hash,168,985
int_remainder_hash,169,972
int_remainder_hash,170,1024
int_remainder_hash,171,995
int_remainder_hash,172,1014
int_remainder_hash,173,988
int_remainder_hash,174,970
int_remainder_hash,175,978
int_remainder_hash,176,1051
int_remainder_hash,177,1026
int_remainder_hash,178,998
int_remainder_hash,179,1014
int_remainder_hash,180,974
int_remainder_hash,181,1012
int_remainder_hash,182,1049
int_remainder_hash,183,1028
int_remainder_hash,184,1018
int_remainder_hash,185,982
int_remainder_hash,186,1045
int_remainder_hash,187,1016
int_remainder_hash,188,937
int_remainder_hash,189,955
int_remainder_hash,190,989
int_remainder_hash,191,978
int_remainder_hash,192,971
int_remainder_hash,193,934
int_remainder_hash,194,982
int_remainder_hash,195,982
int_remainder_hash,196,1003
int_remainder_hash,197,1035
int_remainder_hash,198,1020
int_remainder_hash,199,996
int_remainder_hash,200,942
int_remainder_hash,201,1038
int_remainder_hash,202,923
int_remainder_hash,203,1030
int_remainder_hash,204,1013
int_remainder_hash,205,1045
int_remainder_hash,206,1025
int_remainder_hash,207,996
int_remainder_hash,208,901
int_remainder_hash,209,967
int_remainder_hash,210,1041
int_remainder_hash,211,1060
int_remainder_hash,212,1043
int_remainder_hash,213,995
int_remainder_hash,214,966
int_remainder_hash,215,999
int_remainder_hash,216,1074
int_remainder_hash,217,1009
int_remainder_hash,218,976
int_remainder_hash,219,1012
int_remainder_hash,220,1044
int_remainder_hash,221,980
int_remainder_hash,222,1021
int_remainder_hash,223,973
int_remainder_hash,224,961
int_remainder_hash,225,1054
int_remainder_hash,226,1024
int_remainder_hash,227,1023
int_remainder_hash,228,1020
int_remainder_hash,229,977
int_remainder_hash,230,973
int_remainder_hash,231,961
int_remainder_hash,232,1034
int_remainder_hash,233,957
int_remainder_hash,234,1021
int_remainder_hash,235,1010
int_remainder_hash,236,1012
int_remainder_hash,237,987
int_remainder_hash,238,1085
int_remainder_hash,239,1030
int_remainder_hash,240,1005
int_remainder_hash,241,981
int_remainder_hash,242,999
int_remainder_hash,243,998
int_remainder_hash,244,1042
int_remainder_hash,245,966
int_remainder_hash,246,973
int_remainder_hash,247,1020
int_remainder_hash,248,1039
int_remainder_hash,249,994
int_remainder_hash,250,1039
int_remainder_hash,251,1008
int_remainder_hash,252,1009
int_remainder_hash,253,1068
int_remainder_hash,254,1016
int_remainder_hash,255,1007
int_remainder_hash,256,1032
int_remainder_hash,257,979
int_remainder_hash,258,938
int_remainder_hash,259,987
int_remainder_hash,260,1033
int_remainder_hash,261,991
int_remainder_hash,262,943
int_remainder_hash,263,980
int_remainder_hash,264,1020
int_remainder_hash,265,997
int_remainder_hash,266,990
int_remainder_hash,267,1017
int_remainder_hash,268,967
int_remainder_hash,269,1020
int_remainder_hash,270,953
int_remainder_hash,271,1034
int_remainder_hash,272,1033
int_remainder_hash,273,985
int_remainder_hash,274,1026
int_remainder_hash,275,1004
int_remainder_hash,276,1007
int_remainder_hash,277,1035
int_remainder_hash,278,1010
int_remainder_hash,279,997
int_remainder_hash,280,1014
int_remainder_hash,281,1027
int_remainder_hash,282,1002
int_remainder_hash,283,968
int_remainder_hash,284,986
int_remainder_hash,285,971
int_remainder_hash,286,958
int_remainder_hash,287,1007
int_remainder_hash,288,1018
int_remainder_hash,289,1054
int_remainder_hash,290,985
int_remainder_hash,291,944
int_remainder_hash,292,958
int_remainder_hash,293,1018
int_remainder_hash,294,956
int_remainder_hash,295,960
int_remainder_hash,296,961
int_remainder_hash,297,972
int_remainder_hash,298,1019
int_remainder_hash,299,991
int_remainder_hash,300,1031
int_remainder_hash,301,1013
int_remainder_hash,302,981
int_remainder_hash,303,983
int_remainder_hash,304,984
int_remainder_hash,305,1006
int_remainder_hash,306,949
int_remainder_hash,307,1023
int_remainder_hash,308,969
int_remainder_hash,309,1020
int_remainder_hash,310,991
int_remainder_hash,311,1033
int_remainder_hash,312,984
int_remainder_hash,313,957
int_remainder_hash,314,1009
int_remainder_hash,315,1022
int_remainder_hash,316,1038
int_remainder_hash,317,944
int_remainder_hash,318,957
int_remainder_hash,319,993
int_remainder_hash,320,990
int_remainder_hash,321,978
int_remainder_hash,322,996
int_remainder_hash,323,968
int_remainder_hash,324,1009
int_remainder_hash,325,988
int_remainder_hash,326,970
int_remainder_hash,327,938
int_remainder_hash,328,961
int_remainder_hash,329,977
int_remainder_hash,330,988
int_remainder_hash,331,997
int_remainder_hash,332,992
int_remainder_hash,333,977
int_remainder_hash,334,1031
int_remainder_hash,335,911
int_remainder_hash,336,982
int_remainder_hash,337,982
int_remainder_hash,338,966
int_remainder_hash,339,986
int_remainder_hash,340,981
int_remainder_hash,341,1014
int_remainder_hash,342,992
int_remainder_hash,343,1062
int_remainder_hash,344,1013
int_remainder_hash,345,1025
int_remainder_hash,346,1021
int_remainder_hash,347,1025
int_remainder_hash,348,1014
int_remainder_hash,349,1008
int_remainder_hash,350,983
int_remainder_hash,351,1016
int_remainder_hash,352,1003
int_remainder_hash,353,1013
int_remainder_hash,354,1045
int_remainder_hash,355,1011
int_remainder_hash,356,986
int_remainder_hash,357,952
int_remainder_hash,358,966
int_remainder_hash,359,982
int_remainder_hash,360,973
int_remainder_hash,361,1010
int_remainder_hash,362,979
int_remainder_hash,363,1017
int_remainder_hash,364,999
int_remainder_hash,365,1053
int_remainder_hash,366,1020
int_remainder_hash,367,935
int_remainder_hash,368,998
int_remainder_hash,369,966
int_remainder_hash,370,951
int_remainder_hash,371,1021
int_remainder_hash,372,987
int_remainder_hash,373,959
int_remainder_hash,374,1014
int_remainder_hash,375,963
int_remainder_hash,376,1032
int_remainder_hash,377,935
int_remainder_hash,378,962
int_remainder_hash,379,1024
int_remainder_hash,380,1000
int_remainder_hash,381,984
int_remainder_hash,382,975
int_remainder_hash,383,1018
int_remainder_hash,384,1030
int_remainder_hash,385,1017
int_remainder_hash,386,1011
int_remainder_hash,387,959
int_remainder_hash,388,997
int_remainder_hash,389,1002
int_remainder_hash,390,1021
int_remainder_hash,391,997
int_remainder_hash,392,990
int_remainder_hash,393,996
int_remainder_hash,394,992
int_remainder_hash,395,980
int_remainder_hash,396,962
int_remainder_hash,397,1013
int_remainder_hash,398,997
int_remainder_hash,399,1026
int_remainder_hash,400,1018
int_remainder_hash,401,963
int_remainder_hash,402,1052
int_remainder_hash,403,929
int_remainder_hash,404,998
int_remainder_hash,405,1028
int_remainder_hash,406,1049
int_remainder_hash,407,968
int_remainder_hash,408,984
int_remainder_hash,409,980
int_remainder_hash,410,1012
int_remainder_hash,411,1013
int_remainder_hash,412,1019
int_remainder_hash,413,968
int_remainder_hash,414,1008
int_remainder_hash,415,1000
int_remainder_hash,416,991
int_remainder_hash,417,1032
int_remainder_hash,418,984
int_remainder_hash,419,1011
int_remainder_hash,420,973
int_remainder_hash,421,975
int_remainder_hash,422,977
int_remainder_hash,423,997
int_remainder_hash,424,984
int_remainder_hash,425,958
int_remainder_hash,426,985
int_remainder_hash,427,1066
int_remainder_hash,428,996
int_remainder_hash,429,1007
int_remainder_hash,430,1059
int_remainder_hash,431,1024
int_remainder_hash,432,911
int_remainder_hash,433,1007
int_remainder_hash,434,981
int_remainder_hash,435,1009
int_remainder_hash,436,1058
int_remainder_hash,437,973
int_remainder_hash,438,997
int_remainder_hash,439,1031
int_remainder_hash,440,968
int_remainder_hash,441,981
int_remainder_hash,442,1008
int_remainder_hash,443,988
int_remainder_hash,444,1003
int_remainder_hash,445,1009
int_remainder_hash,446,1009
int_remainder_hash,447,955
int_remainder_hash,448,951
int_remainder_hash,449,951
int_remainder_hash,450,1010
int_remainder_hash,451,1026
int_remainder_hash,452,1020
int_remainder_hash,453,992
int_remainder_hash,454,993
int_remainder_hash,455,932
int_remainder_hash,456,975
int_remainder_hash,457,983
int_remainder_hash,458,1012
int_remainder_hash,459,1048
int_remainder_hash,460,1044
int_remainder_hash,461,970
int_remainder_hash,462,944
int_remainder_hash,463,976
int_remainder_hash,464,1003
int_remainder_hash,465,998
int_remainder_hash,466,984
int_remainder_hash,467,997
int_remainder_hash,468,1000
int_remainder_hash,469,1034
int_remainder_hash,470,1020
int_remainder_hash,471,1000
int_remainder_hash,472,1016
int_remainder_hash,473,1002
int_remainder_hash,474,1005
int_remainder_hash,475,928
int_remainder_hash,476,1012
int_remainder_hash,477,997
int_remainder_hash,478,1054
int_remainder_hash,479,970
int_remainder_hash,480,1015
int_remainder_hash,481,1043
int_remainder_hash,482,972
int_remainder_hash,483,1032
int_remainder_hash,484,1035
int_remainder_hash,485,1010
int_remainder_hash,486,1012
int_remainder_hash,487,951
int_remainder_hash,488,1040
int_remainder_hash,489,921
int_remainder_hash,490,976
int_remainder_hash,491,1041
int_remainder_hash,492,1061
int_remainder_hash,493,1002
int_remainder_hash,494,1000
int_remainder_hash,495,1029
int_remainder_hash,496,957
int_remainder_hash,497,990
int_remainder_hash,498,970
int_remainder_hash,499,996
int_remainder_hash,500,1021
int_remainder_hash,501,1020
int_remainder_hash,502,1037
int_remainder_hash,503,1079
int_remainder_hash,504,1011
int_remainder_hash,505,971
int_remainder_hash,506,1062
int_remainder_hash,507,999
int_remainder_hash,508,945
int_remainder_hash,509,1015
int_remainder_hash,510,976
int_remainder_hash,511,961
int_remainder_hash,512,1049
int_remainder_hash,513,974
int_remainder_hash,514,1015
int_remainder_hash,515,990
int_remainder_hash,516,949
int_remainder_hash,517,962
int_remainder_hash,518,981
int_remainder_hash,519,1018
int_remainder_hash,520,980
int_remainder_hash,521,1032
int_remainder_hash,522,1064
int_remainder_hash,523,969
int_remainder_hash,524,1024
int_remainder_hash,525,1022
int_remainder_hash,526,1027
int_remainder_hash,527,1048
int_remainder_hash,528,1024
int_remainder_hash,529,1066
int_remainder_hash,530,1056
int_remainder_hash,531,965
int_remainder_hash,532,966
int_remainder_hash,533,1010
int_remainder_hash,534,1066
int_remainder_hash,535,1005
int_remainder_hash,536,1008
int_remainder_hash,537,1060
int_remainder_hash,538,1000
int_remainder_hash,539,1024
int_remainder_hash,540,1046
int_remainder_hash,541,1004
int_remainder_hash,542,1003
int_remainder_hash,543,974
int_remainder_hash,544,997
int_remainder_hash,545,1012
int_remainder_hash,546,970
int_remainder_hash,547,987
int_remainder_hash,548,1043
int_remainder_hash,549,979
int_remainder_hash,550,980
int_remainder_hash,551,1021
int_remainder_hash,552,1002
int_remainder_hash,553,1029
int_remainder_hash,554,1027
int_remainder_hash,555,1071
int_remainder_hash,556,988
int_remainder_hash,557,1014
int_remainder_hash,558,1004
int_remainder_hash,559,1042
int_remainder_hash,560,967
int_remainder_hash,561,1040
int_remainder_hash,562,1033
int_remainder_hash,563,1058
int_remainder_hash,564,1000
int_remainder_hash,565,1033
int_remainder_hash,566,966
int_remainder_hash,567,1029
int_remainder_hash,568,1009
int_remainder_hash,569,986
int_remainder_hash,570,985
int_remainder_hash,571,990
int_remainder_hash,572,909
int_remainder_hash,573,975
int_remainder_hash,574,1035
int_remainder_hash,575,1011
int_remainder_hash,576,992
int_remainder_hash,577,949
int_remainder_hash,578,969
int_remainder_hash,579,998
int_remainder_hash,580,1036
int_remainder_hash,581,966
int_remainder_hash,582,1010
int_remainder_hash,583,976
int_remainder_hash,584,966
int_remainder_hash,585,955
int_remainder_hash,586,963
int_remainder_hash,587,976
int_remainder_hash,588,1028
int_remainder_hash,589,1036
int_remainder_hash,590,1023
int_remainder_hash,591,1055
int_remainder_hash,592,1060
int_remainder_hash,593,1011
int_remainder_hash,594,992
int_remainder_hash,595,1044
int_remainder_hash,596,1067
int_remainder_hash,597,978
int_remainder_hash,598,1001
int_remainder_hash,599,1005
int_remainder_hash,600,994
int_remainder_hash,601,979
int_remainder_hash,602,988
int_remainder_hash,603,1007
int_remainder_hash,604,1035
int_remainder_hash,605,1048
int_remainder_hash,606,989
int_remainder_hash,607,983
int_remainder_hash,608,942
int_remainder_hash,609,990
int_remainder_hash,610,971
int_remainder_hash,611,952
int_remainder_hash,612,1004
int_remainder_hash,613,1061
int_remainder_hash,614,977
int_remainder_hash,615,1001
int_remainder_hash,616,964
int_remainder_hash,617,1062
int_remainder_hash,618,988
int_remainder_hash,619,1021
int_remainder_hash,620,949
int_remainder_hash,621,1010
int_remainder_hash,622,1012
int_remainder_hash,623,1019
int_remainder_hash,624,1019
int_remainder_hash,625,936
int_remainder_hash,626,977
int_remainder_hash,627,950
int_remainder_hash,628,1032
int_remainder_hash,629,997
int_remainder_hash,630,959
int_remainder_hash,631,979
int_remainder_hash,632,989
int_remainder_hash,633,1032
int_remainder_hash,634,977
int_remainder_hash,635,982
int_remainder_hash,636,996
int_remainder_hash,637,980
int_remainder_hash,638,1014
int_remainder_hash,639,1014
int_remainder_hash,640,1016
int_remainder_hash,641,986
int_remainder_hash,642,999
int_remainder_hash,643,941
int_remainder_hash,644,967
int_remainder_hash,645,1009
int_remainder_hash,646,1012
int_remainder_hash,647,993
int_remainder_hash,648,997
int_remainder_hash,649,1043
int_remainder_hash,650,1047
int_remainder_hash,651,1032
int_remainder_hash,652,1031
int_remainder_hash,653,959
int_remainder_hash,654,976
int_remainder_hash,655,988
int_remainder_hash,656,966
int_remainder_hash,657,1018
int_remainder_hash,658,987
int_remainder_hash,659,1001
int_remainder_hash,660,931
int_remainder_hash,661,983
int_remainder_hash,662,976
int_remainder_hash,663,1002
int_remainder_hash,664,1006
int_remainder_hash,665,937
int_remainder_hash,666,1038
int_remainder_hash,667,1001
int_remainder_hash,668,1020
int_remainder_hash,669,1015
int_remainder_hash,670,901
int_remainder_hash,671,1029
int_remainder_hash,672,974
int_remainder_hash,673,946
int_remainder_hash,674,953
int_remainder_hash,675,1036
int_remainder_hash,676,1027
int_remainder_hash,677,1010
int_remainder_hash,678,1040
int_remainder_hash,679,935
int_remainder_hash,680,1020
int_remainder_hash,681,988
int_remainder_hash,682,1027
int_remainder_hash,683,1000
int_remainder_hash,684,996
int_remainder_hash,685,940
int_remainder_hash,686,984
int_remainder_hash,687,1004
int_remainder_hash,688,989
int_remainder_hash,689,1027
int_remainder_hash,690,1053
int_remainder_hash,691,958
int_remainder_hash,692,1016
int_remainder_hash,693,1034
int_remainder_hash,694,977
int_remainder_hash,695,1004
int_remainder_hash,696,953
int_remainder_hash,697,1018
int_remainder_hash,698,1015
int_remainder_hash,699,1042
int_remainder_hash,700,1001
int_remainder_hash,701,1015
int_remainder_hash,702,992
int_remainder_hash,703,1024
int_remainder_hash,704,989
int_remainder_hash,705,1036
int_remainder_hash,706,959
int_remainder_hash,707,982
int_remainder_hash,708,979
int_remainder_hash,709,990
int_remainder_hash,710,965
int_remainder_hash,711,996
int_remainder_hash,712,1012
int_remainder_hash,713,1036
int_remainder_hash,714,1007
int_remainder_hash,715,995
int_remainder_hash,716,1019
int_remainder_hash,717,1061
int_remainder_hash,718,976
int_remainder_hash,719,1024
int_remainder_hash,720,1046
int_remainder_hash,721,997
int_remainder_hash,722,994
int_remainder_hash,723,1096
int_remainder_hash,724,1028
int_remainder_hash,725,1014
int_remainder_hash,726,1063
int_remainder_hash,727,1027
int_remainder_hash,728,1009
int_remainder_hash,729,1004
int_remainder_hash,730,960
int_remainder_hash,731,987
int_remainder_hash,732,1025
int_remainder_hash,733,933
int_remainder_hash,734,963
int_remainder_hash,735,1022
int_remainder_hash,736,999
int_remainder_hash,737,1023
int_remainder_hash,738,965
int_remainder_hash,739,1033
int_remainder_hash,740,1026
int_remainder_hash,741,998
int_remainder_hash,742,1024
int_remainder_hash,743,1026
int_remainder_hash,744,960
int_remainder_hash,745,982
int_remainder_hash,746,977
int_remainder_hash,747,957
int_remainder_hash,748,1042
int_remainder_hash,749,1033
int_remainder_hash,750,1029
int_remainder_hash,751,1005
int_remainder_hash,752,961
int_remainder_hash,753,988
int_remainder_hash,754,1033
int_remainder_hash,755,960
int_remainder_hash,756,949
int_remainder_hash,757,998
int_remainder_hash,758,1059
int_remainder_hash,759,1009
int_remainder_hash,760,996
int_remainder_hash,761,1023
int_remainder_hash,762,991
int_remainder_hash,763,972
int_remainder_hash,764,995
int_remainder_hash,765,956
int_remainder_hash,766,1041
int_remainder_hash,767,977
int_remainder_hash,768,997
int_remainder_hash,769,988
int_remainder_hash,770,1005
int_remainder_hash,771,983
int_remainder_hash,772,1027
int_remainder_hash,773,1016
int_remainder_hash,774,1003
int_remainder_hash,775,1016
int_remainder_hash,776,1039
int_remainder_hash,777,1022
int_remainder_hash,778,994
int_remainder_hash,779,967
int_remainder_hash,780,993
int_remainder_hash,781,1065
int_remainder_hash,782,963
int_remainder_hash,783,1027
int_remainder_hash,784,991
int_remainder_hash,785,1067
int_remainder_hash,786,989
int_remainder_hash,787,977
int_remainder_hash,788,976
int_remainder_hash,789,1039
int_remainder_hash,790,958
int_remainder_hash,791,965
int_remainder_hash,792,955
int_remainder_hash,793,1015
int_remainder_hash,794,997
int_remainder_hash,795,961
int_remainder_hash,796,1015
int_remainder_hash,797,987
int_remainder_hash,798,1029
int_remainder_hash,799,1003
int_remainder_hash,800,1013
int_remainder_hash,801,1004
int_remainder_hash,802,1003
int_remainder_hash,803,989
int_remainder_hash,804,989
int_remainder_hash,805,1034
int_remainder_hash,806,1005
int_remainder_hash,807,1023
int_remainder_hash,808,1003
int_remainder_hash,809,998
int_remainder_hash,810,1008
int_remainder_hash,811,1030
int_remainder_hash,812,1001
int_remainder_hash,813,1001
int_remainder_hash,814,1015
int_remainder_hash,815,1002
int_remainder_hash,816,1034
int_remainder_hash,817,1034
int_remainder_hash,818,973
int_remainder_hash,819,1038
int_remainder_hash,820,978
int_remainder_hash,821,973
int_remainder_hash,822,999
int_remainder_hash,823,999
int_remainder_hash,824,1023
int_remainder_hash,825,972
int_remainder_hash,826,931
int_remainder_hash,827,1069
int_remainder_hash,828,1032
int_remainder_hash,829,957
int_remainder_hash,830,974
int_remainder_hash,831,998
int_remainder_hash,832,1016
int_remainder_hash,833,1016
int_remainder_hash,834,1019
int_remainder_hash,835,1026
int_remainder_hash,836,972
int_remainder_hash,837,1014
int_remainder_hash,838,992
int_remainder_hash,839,1068
int_remainder_hash,840,1014
int_remainder_hash,841,1045
int_remainder_hash,842,935
int_remainder_hash,843,986
int_remainder_hash,844,1002
int_remainder_hash,845,979
int_remainder_hash,846,1022
int_remainder_hash,847,1027
int_remainder_hash,848,1037
int_remainder_hash,849,996
int_remainder_hash,850,999
int_remainder_hash,851,929
int_remainder_hash,852,986
int_remainder_hash,853,993
int_remainder_hash,854,1028
int_remainder_hash,855,975
int_remainder_hash,856,983
int_remainder_hash,857,1060
int_remainder_hash,858,1002
int_remainder_hash,859,953
int_remainder_hash,860,988
int_remainder_hash,861,998
int_remainder_hash,862,1032
int_remainder_hash,863,994
int_remainder_hash,864,1011
int_remainder_hash,865,949
int_remainder_hash,866,970
int_remainder_hash,867,950
int_remainder_hash,868,982
int_remainder_hash,869,1039
int_remainder_hash,870,1005
int_remainder_hash,871,988
int_remainder_hash,872,1022
int_remainder_hash,873,1019
int_remainder_hash,874,982
int_remainder_hash,875,1040
int_remainder_hash,876,940
int_remainder_hash,877,1023
int_remainder_hash,878,978
int_remainder_hash,879,999
int_remainder_hash,880,950
int_remainder_hash,881,996
int_remainder_hash,882,1024
int_remainder_hash,883,982
int_remainder_hash,884,1053
int_remainder_hash,885,977
int_remainder_hash,886,1036
int_remainder_hash,887,988
int_remainder_hash,888,1008
int_remainder_hash,889,955
int_remainder_hash,890,1000
int_remainder_hash,891,1015
int_remainder_hash,892,975
int_remainder_hash,893,939
int_remainder_hash,894,999
int_remainder_hash,895,1082
int_remainder_hash,896,972
int_remainder_hash,897,999
int_remainder_hash,898,1022
int_remainder_hash,899,988
int_remainder_hash,900,1005
int_remainder_hash,901,969
int_remainder_hash,902,988
int_remainder_hash,903,943
int_remainder_hash,904,996
int_remainder_hash,905,982
int_remainder_hash,906,953
int_remainder_hash,907,1000
int_remainder_hash,908,985
int_remainder_hash,909,973
int_remainder_hash,910,987
int_remainder_hash,911,987
int_remainder_hash,912,989
int_remainder_hash,913,1001
int_remainder_hash,914,1045
int_remainder_hash,915,1002
int_remainder_hash,916,984
int_remainder_hash,917,984
int_remainder_hash,918,1013
int_remainder_hash,919,944
int_remainder_hash,920,1008
int_remainder_hash,921,1022
int_remainder_hash,922,1014
int_remainder_hash,923,1002
int_remainder_hash,924,991
int_remainder_hash,925,980
int_remainder_hash,926,1013
int_remainder_hash,927,986
int_remainder_hash,928,997
int_remainder_hash,929,1036
int_remainder_hash,930,1012
int_remainder_hash,931,1015
int_remainder_hash,932,1015
int_remainder_hash,933,984
int_remainder_hash,934,989
int_remainder_hash,935,976
int_remainder_hash,936,955
int_remainder_hash,937,982
int_remainder_hash,938,980
int_remainder_hash,939,994
int_remainder_hash,940,1015
int_remainder_hash,941,960
int_remainder_hash,942,971
int_remainder_hash,943,1019
int_remainder_hash,944,1007
int_remainder_hash,945,960
int_remainder_hash,946,988
int_remainder_hash,947,984
int_remainder_hash,948,1007
int_remainder_hash,949,1020
int_remainder_hash,950,1048
int_remainder_hash,951,996
int_remainder_hash,952,1002
int_remainder_hash,953,993
int_remainder_hash,954,983
int_remainder_hash,955,998
int_remainder_hash,956,1034
int_remainder_hash,957,1058
int_remainder_hash,958,1021
int_remainder_hash,959,1052
int_remainder_hash,960,996
int_remainder_hash,961,1025
int_remainder_hash,962,980
int_remainder_hash,963,1000
int_remainder_hash,964,980
int_remainder_hash,965,990
int_remainder_hash,966,970
int_remainder_hash,967,1057
int_remainder_hash,968,1034
int_remainder_hash,969,989
int_remainder_hash,970,1006
int_remainder_hash,971,1008
int_remainder_hash,972,971
int_remainder_hash,973,977
int_remainder_hash,974,1027
int_remainder_hash,975,1041
int_remainder_hash,976,1049
int_remainder_hash,977,993
int_remainder_hash,978,1007
int_remainder_hash,979,1055
int_remainder_hash,980,994
int_remainder_hash,981,973
int_remainder_hash,982,1038
int_remainder_hash,983,980
int_remainder_hash,984,1031
int_remainder_hash,985,1008
int_remainder_hash,986,945
int_remainder_hash,987,1009
int_remainder_hash,988,968
int_remainder_hash,989,1024
int_remainder_hash,990,1024
int_remainder_hash,991,988
int_remainder_hash,992,983
int_remainder_hash,993,996
int_remainder_hash,994,1000
int_remainder_hash,995,945
int_remainder_hash,996,991
int_remainder_hash,997,1034
int_remainder_hash,998,998
int_remainder_hash,999,1035
int_bit_hash,0,996
int_bit_hash,1,1028
int_bit_hash,2,990
int_bit_hash,3,1014
int_bit_hash,4,992
int_bit_hash,5,989
int_bit_hash,6,1030
int_bit_hash,7,985
int_bit_hash,8,1001
int_bit_hash,9,941
int_bit_hash,10,1001
int_bit_hash,11,969
int_bit_hash,12,1004
int_bit_hash,13,996
int_bit_hash,14,996
int_bit_hash,15,950
int_bit_hash,16,1044
int_bit_hash,17,1022
int_bit_hash,18,980
int_bit_hash,19,979
int_bit_hash,20,966
int_bit_hash,21,1021
int_bit_hash,22,1053
int_bit_hash,23,992
int_bit_hash,24,996
int_bit_hash,25,999
int_bit_hash,26,955
int_bit_hash,27,1019
int_bit_hash,28,1008
int_bit_hash,29,1002
int_bit_hash,30,992
int_bit_hash,31,974
int_bit_hash,32,1011
int_bit_hash,33,998
int_bit_hash,34,993
int_bit_hash,35,1064
int_bit_hash,36,1061
int_bit_hash,37,986
int_bit_hash,38,1004
int_bit_hash,39,1050
int_bit_hash,40,1019
int_bit_hash,41,993
int_bit_hash,42,1007
int_bit_hash,43,1005
int_bit_hash,44,1041
int_bit_hash,45,942
int_bit_hash,46,1023
int_bit_hash,47,995
int_bit_hash,48,971
int_bit_hash,49,939
int_bit_hash,50,967
int_bit_hash,51,1002
int_bit_hash,52,951
int_bit_hash,53,1019
int_bit_hash,54,985
int_bit_hash,55,949
int_bit_hash,56,964
int_bit_hash,57,1007
int_bit_hash,58,1078
int_bit_hash,59,1019
int_bit_hash,60,981
int_bit_hash,61,991
int_bit_hash,62,1059
int_bit_hash,63,1009
int_bit_hash,64,1029
int_bit_hash,65,998
int_bit_hash,66,1010
int_bit_hash,67,1028
int_bit_hash,68,992
int_bit_hash,69,983
int_bit_hash,70,930
int_bit_hash,71,1041
int_bit_hash,72,1007
int_bit_hash,73,1055
int_bit_hash,74,1014
int_bit_hash,75,1012
int_bit_hash,76,1056
int_bit_hash,77,980
int_bit_hash,78,1017
int_bit_hash,79,1038
int_bit_hash,80,936
int_bit_hash,81,979
int_bit_hash,82,989
int_bit_hash,83,1042
int_bit_hash,84,1015
int_bit_hash,85,1008
int_bit_hash,86,1018
int_bit_hash,87,1022
int_bit_hash,88,977
int_bit_hash,89,1041
int_bit_hash,90,1050
int_bit_hash,91,1003
int_bit_hash,92,1026
int_bit_hash,93,955
int_bit_hash,94,1016
int_bit_hash,95,1037
int_bit_hash,96,991
int_bit_hash,97,931
int_bit_hash,98,1058
int_bit_hash,99,963
int_bit_hash,100,1012
int_bit_hash,101,988
int_bit_hash,102,990
int_bit_hash,103,975
int_bit_hash,104,987
int_bit_hash,105,988
int_bit_hash,106,1038
int_bit_hash,107,987
int_bit_hash,108,1020
int_bit_hash,109,963
int_bit_hash,110,991
int_bit_hash,111,1059
int_bit_hash,112,975
int_bit_hash,113,987
int_bit_hash,114,1041
int_bit_hash,115,1009
int_bit_hash,116,953
int_bit_hash,117,1037
int_bit_hash,118,1085
int_bit_hash,119,961
int_bit_hash,120,1013
int_bit_hash,121,998
int_bit_hash,122,993
int_bit_hash,123,977
int_bit_hash,124,1035
int_bit_hash,125,1039
int_bit_hash,126,957
int_bit_hash,127,923
int_bit_hash,128,1047
int_bit_hash,129,982
int_bit_hash,130,967
int_bit_hash,131,944
int_bit_hash,132,955
int_bit_hash,133,975
int_bit_hash,134,1005
int_bit_hash,135,1023
int_bit_hash,136,1026
int_bit_hash,137,998
int_bit_hash,138,976
int_bit_hash,139,1052
int_bit_hash,140,960
int_bit_hash,141,1014
int_bit_hash,142,1030
int_bit_hash,143,988
int_bit_hash,144,979
int_bit_hash,145,966
int_bit_hash,146,1018
int_bit_hash,147,1008
int_bit_hash,148,1001
int_bit_hash,149,981
int_bit_hash,150,985
int_bit_hash,151,1033
int_bit_hash,152,989
int_bit_hash,153,973
int_bit_hash,154,1019
int_bit_hash,155,969
int_bit_hash,156,1035
int_bit_hash,157,945
int_bit_hash,158,1056
int_bit_hash,159,996
int_bit_hash,160,968
int_bit_hash,161,958
int_bit_hash,162,984
int_bit_hash,163,1062
int_bit_hash,164,1001
int_bit_hash,165,1053
int_bit_hash,166,948
int_bit_hash,167,1026
int_bit_hash,168,985
int_bit_hash,169,972
int_bit_hash,170,1024
int_bit_hash,171,995
int_bit_hash,172,1014
int_bit_hash,173,988
int_bit_hash,174,970
int_bit_hash,175,978
int_bit_hash,176,1051
int_bit_hash,177,1026
int_bit_hash,178,998
int_bit_hash,179,1014
int_bit_hash,180,974
int_bit_hash,181,1012
int_bit_hash,182,1049
int_bit_hash,183,1028
int_bit_hash,184,1018
int_bit_hash,185,982
int_bit_hash,186,1045
int_bit_hash,187,1016
int_bit_hash,188,937
int_bit_hash,189,955
int_bit_hash,190,989
int_bit_hash,191,978
int_bit_hash,192,971
int_bit_hash,193,934
int_bit_hash,194,982
int_bit_hash,195,982
int_bit_hash,196,1003
int_bit_hash,197,1035
int_bit_hash,198,1020
int_bit_hash,199,996
int_bit_hash,200,942
int_bit_hash,201,1038
int_bit_hash,202,923
int_bit_hash,203,1030
int_bit_hash,204,1013
int_bit_hash,205,1045
int_bit_hash,206,1025
int_bit_hash,207,996
int_bit_hash,208,901
int_bit_hash,209,967
int_bit_hash,210,1041
int_bit_hash,211,1060
int_bit_hash,212,1043
int_bit_hash,213,995
int_bit_hash,214,966
int_bit_hash,215,999
int_bit_hash,216,1074
int_bit_hash,217,1009
int_bit_hash,218,976
int_bit_hash,219,1012
int_bit_hash,220,1044
int_bit_hash,221,980
int_bit_hash,222,1021
int_bit_hash,223,973
int_bit_hash,224,961
int_bit_hash,225,1054
int_bit_hash,226,1024
int_bit_hash,227,1023
int_bit_hash,228,1020
int_bit_hash,229,977
int_bit_hash,230,973
int_bit_hash,231,961
int_bit_hash,232,1034
int_bit_hash,233,957
int_bit_hash,234,1021
int_bit_hash,235,1010
int_bit_hash,236,1012
int_bit_hash,237,987
int_bit_hash,238,1085
int_bit_hash,239,1030
int_bit_hash,240,1005
int_bit_hash,241,981
int_bit_hash,242,999
int_bit_hash,243,998
int_bit_hash,244,1042
int_bit_hash,245,966
int_bit_hash,246,973
int_bit_hash,247,1020
int_bit_hash,248,1039
int_bit_hash,249,994
int_bit_hash,250,1039
int_bit_hash,251,1008
int_bit_hash,252,1009
int_bit_hash,253,1068
int_bit_hash,254,1016
int_bit_hash,255,1007
int_bit_hash,256,1032
int_bit_hash,257,979
int_bit_hash,258,938
int_bit_hash,259,987
int_bit_hash,260,1033
int_bit_hash,261,991
int_bit_hash,262,943
int_bit_hash,263,980
int_bit_hash,264,1020
int_bit_hash,265,997
int_bit_hash,266,990
int_bit_hash,267,1017
int_bit_hash,268,967
int_bit_hash,269,1020
int_bit_hash,270,953
int_bit_hash,271,1034
int_bit_hash,272,1033
int_bit_hash,273,985
int_bit_hash,274,1026
int_bit_hash,275,1004
int_bit_hash,276,1007
int_bit_hash,277,1035
int_bit_hash,278,1010
int_bit_hash,279,997
int_bit_hash,280,1014
int_bit_hash,281,1027
int_bit_hash,282,1002
int_bit_hash,283,968
int_bit_hash,284,986
int_bit_hash,285,971
int_bit_hash,286,958
int_bit_hash,287,1007
int_bit_hash,288,1018
int_bit_hash,289,1054
int_bit_hash,290,985
int_bit_hash,291,944
int_bit_hash,292,958
int_bit_hash,293,1018
int_bit_hash,294,956
int_bit_hash,295,960
int_bit_hash,296,961
int_bit_hash,297,972
int_bit_hash,298,1019
int_bit_hash,299,991
int_bit_hash,300,1031
int_bit_hash,301,1013
int_bit_hash,302,981
int_bit_hash,303,983
int_bit_hash,304,984
int_bit_hash,305,1006
int_bit_hash,306,949
int_bit_hash,307,1023
int_bit_hash,308,969
int_bit_hash,309,1020
int_bit_hash,310,991
int_bit_hash,311,1033
int_bit_hash,312,984
int_bit_hash,313,957
int_bit_hash,314,1009
int_bit_hash,315,1022
int_bit_hash,316,1038
int_bit_hash,317,944
int_bit_hash,318,957
int_bit_hash,319,993
int_bit_hash,320,990
int_bit_hash,321,978
int_bit_hash,322,996
int_bit_hash,323,968
int_bit_hash,324,1009
int_bit_hash,325,988
int_bit_hash,326,970
int_bit_hash,327,938
int_bit_hash,328,961
int_bit_hash,329,977
int_bit_hash,330,988
int_bit_hash,331,997
int_bit_hash,332,992
int_bit_hash,333,977
int_bit_hash,334,1031
int_bit_hash,335,911
int_bit_hash,336,982
int_bit_hash,337,982
int_bit_hash,338,966
int_bit_hash,339,986
int_bit_hash,340,981
int_bit_hash,341,1014
int_bit_hash,342,992
int_bit_hash,343,1062
int_bit_hash,344,1013
int_bit_hash,345,1025
int_bit_hash,346,1021
int_bit_hash,347,1025
int_bit_hash,348,1014
int_bit_hash,349,1008
int_bit_hash,350,983
int_bit_hash,351,1016
int_bit_hash,352,1003
int_bit_hash,353,1013
int_bit_hash,354,1045
int_bit_hash,355,1011
int_bit_hash,356,986
int_bit_hash,357,952
int_bit_hash,358,966
int_bit_hash,359,982
int_bit_hash,360,973
int_bit_hash,361,1010
int_bit_hash,362,979
int_bit_hash,363,1017
int_bit_hash,364,999
int_bit_hash,365,1053
int_bit_hash,366,1020
int_bit_hash,367,935
int_bit_hash,368,998
int_bit_hash,369,966
int_bit_hash,370,951
int_bit_hash,371,1021
int_bit_hash,372,987
int_bit_hash,373,959
int_bit_hash,374,1014
int_bit_hash,375,963
int_bit_hash,376,1032
int_bit_hash,377,935
int_bit_hash,378,962
int_bit_hash,379,1024
int_bit_hash,380,1000
int_bit_hash,381,984
int_bit_hash,382,975
int_bit_hash,383,1018
int_bit_hash,384,1030
int_bit_hash,385,1017
int_bit_hash,386,1011
int_bit_hash,387,959
int_bit_hash,388,997
int_bit_hash,389,1002
int_bit_hash,390,1021
int_bit_hash,391,997
int_bit_hash,392,990
int_bit_hash,393,996
int_bit_hash,394,992
int_bit_hash,395,980
int_bit_hash,396,962
int_bit_hash,397,1013
int_bit_hash,398,997
int_bit_hash,399,1026
int_bit_hash,400,1018
int_bit_hash,401,963
int_bit_hash,402,1052
int_bit_hash,403,929
int_bit_hash,404,998
int_bit_hash,405,1028
int_bit_hash,406,1049
int_bit_hash,407,968
int_bit_hash,408,984
int_bit_hash,409,980
int_bit_hash,410,1012
int_bit_hash,411,1013
int_bit_hash,412,1019
int_bit_hash,413,968
int_bit_hash,414,1008
int_bit_hash,415,1000
int_bit_hash,416,991
int_bit_hash,417,1032
int_bit_hash,418,984
int_bit_hash,419,1011
int_bit_hash,420,973
int_bit_hash,421,975
int_bit_hash,422,977
int_bit_hash,423,997
int_bit_hash,424,984
int_bit_hash,425,958
int_bit_hash,426,985
int_bit_hash,427,1066
int_bit_hash,428,996
int_bit_hash,429,1007
int_bit_hash,430,1059
int_bit_hash,431,1024
int_bit_hash,432,911
int_bit_hash,433,1007
int_bit_hash,434,981
int_bit_hash,435,1009
int_bit_hash,436,1058
int_bit_hash,437,973
int_bit_hash,438,997
int_bit_hash,439,1031
int_bit_hash,440,968
int_bit_hash,441,981
int_bit_hash,442,1008
int_bit_hash,443,988
int_bit_hash,444,1003
int_bit_hash,445,1009
int_bit_hash,446,1009
int_bit_hash,447,955
int_bit_hash,448,951
int_bit_hash,449,951
int_bit_hash,450,1010
int_bit_hash,451,1026
int_bit_hash,452,1020
int_bit_hash,453,992
int_bit_hash,454,993
int_bit_hash,455,932
int_bit_hash,456,975
int_bit_hash,457,983
int_bit_hash,458,1012
int_bit_hash,459,1048
int_bit_hash,460,1044
int_bit_hash,461,970
int_bit_hash,462,944
int_bit_hash,463,976
int_bit_hash,464,1003
int_bit_hash,465,998
int_bit_hash,466,984
int_bit_hash,467,997
int_bit_hash,468,1000
int_bit_hash,469,1034
int_bit_hash,470,1020
int_bit_hash,471,1000
int_bit_hash,472,1016
int_bit_hash,473,1002
int_bit_hash,474,1005
int_bit_hash,475,928
int_bit_hash,476,1012
int_bit_hash,477,997
int_bit_hash,478,1054
int_bit_hash,479,970
int_bit_hash,480,1015
int_bit_hash,481,1043
int_bit_hash,482,972
int_bit_hash,483,1032
int_bit_hash,484,1035
int_bit_hash,485,1010
int_bit_hash,486,1012
int_bit_hash,487,951
int_bit_hash,488,1040
int_bit_hash,489,921
int_bit_hash,490,976
int_bit_hash,491,1041
int_bit_hash,492,1061
int_bit_hash,493,1002
int_bit_hash,494,1000
int_bit_hash,495,1029
int_bit_hash,496,957
int_bit_hash,497,990
int_bit_hash,498,970
int_bit_hash,499,996
int_bit_hash,500,1021
int_bit_hash,501,1020
int_bit_hash,502,1037
int_bit_hash,503,1079
int_bit_hash,504,1011
int_bit_hash,505,971
int_bit_hash,506,1062
int_bit_hash,507,999
int_bit_hash,508,945
int_bit_hash,509,1015
int_bit_hash,510,976
int_bit_hash,511,961
int_bit_hash,512,1049
int_bit_hash,513,974
int_bit_hash,514,1015
int_bit_hash,515,990
int_bit_hash,516,949
int_bit_hash,517,962
int_bit_hash,518,981
int_bit_hash,519,1018
int_bit_hash,520,980
int_bit_hash,521,1032
int_bit_hash,522,1064
int_bit_hash,523,969
int_bit_hash,524,1024
int_bit_hash,525,1022
int_bit_hash,526,1027
int_bit_hash,527,1048
int_bit_hash,528,1024
int_bit_hash,529,1066
int_bit_hash,530,1056
int_bit_hash,531,965
int_bit_hash,532,966
int_bit_hash,533,1010
int_bit_hash,534,1066
int_bit_hash,535,1005
int_bit_hash,536,1008
int_bit_hash,537,1060
int_bit_hash,538,1000
int_bit_hash,539,1024
int_bit_hash,540,1046
int_bit_hash,541,1004
int_bit_hash,542,1003
int_bit_hash,543,974
int_bit_hash,544,997
int_bit_hash,545,1012
int_bit_hash,546,970
int_bit_hash,547,987
int_bit_hash,548,1043
int_bit_hash,549,979
int_bit_hash,550,980
int_bit_hash,551,1021
int_bit_hash,552,1002
int_bit_hash,553,1029
int_bit_hash,554,1027
int_bit_hash,555,1071
int_bit_hash,556,988
int_bit_hash,557,1014
int_bit_hash,558,1004
int_bit_hash,559,1042
int_bit_hash,560,967
int_bit_hash,561,1040
int_bit_hash,562,1033
int_bit_hash,563,1058
int_bit_hash,564,1000
int_bit_hash,565,1033
int_bit_hash,566,966
int_bit_hash,567,1029
int_bit_hash,568,1009
int_bit_hash,569,986
int_bit_hash,570,985
int_bit_hash,571,990
int_bit_hash,572,909
int_bit_hash,573,975
int_bit_hash,574,1035
int_bit_hash,575,1011
int_bit_hash,576,992
int_bit_hash,577,949
int_bit_hash,578,969
int_bit_hash,579,998
int_bit_hash,580,1036
int_bit_hash,581,966
int_bit_hash,582,1010
int_bit_hash,583,976
int_bit_hash,584,966
int_bit_hash,585,955
int_bit_hash,586,963
int_bit_hash,587,976
int_bit_hash,588,1028
int_bit_hash,589,1036
int_bit_hash,590,1023
int_bit_hash,591,1055
int_bit_hash,592,1060
int_bit_hash,593,1011
int_bit_hash,594,992
int_bit_hash,595,1044
int_bit_hash,596,1067
int_bit_hash,597,978
int_bit_hash,598,1001
int_bit_hash,599,1005
int_bit_hash,600,994
int_bit_hash,601,979
int_bit_hash,602,988
int_bit_hash,603,1007
int_bit_hash,604,1035
int_bit_hash,605,1048
int_bit_hash,606,989
int_bit_hash,607,983
int_bit_hash,608,942
int_bit_hash,609,990
int_bit_hash,610,971
int_bit_hash,611,952
int_bit_hash,612,1004
int_bit_hash,613,1061
int_bit_hash,614,977
int_bit_hash,615,1001
int_bit_hash,616,964
int_bit_hash,617,1062
int_bit_hash,618,988
int_bit_hash,619,1021
int_bit_hash,620,949
int_bit_hash,621,1010
int_bit_hash,622,1012
int_bit_hash,623,1019
int_bit_hash,624,1019
int_bit_hash,625,936
int_bit_hash,626,977
int_bit_hash,627,950
int_bit_hash,628,1032
int_bit_hash,629,997
int_bit_hash,630,959
int_bit_hash,631,979
int_bit_hash,632,989
int_bit_hash,633,1032
int_bit_hash,634,977
int_bit_hash,635,982
int_bit_hash,636,996
int_bit_hash,637,980
int_bit_hash,638,1014
int_bit_hash,639,1014
int_bit_hash,640,1016
int_bit_hash,641,986
int_bit_hash,642,999
int_bit_hash,643,941
int_bit_hash,644,967
int_bit_hash,645,1009
int_bit_hash,646,1012
int_bit_hash,647,993
int_bit_hash,648,997
int_bit_hash,649,1043
int_bit_hash,650,1047
int_bit_hash,651,1032
int_bit_hash,652,1031
int_bit_hash,653,959
int_bit_hash,654,976
int_bit_hash,655,988
int_bit_hash,656,966
int_bit_hash,657,1018
int_bit_hash,658,987
int_bit_hash,659,1001
int_bit_hash,660,931
int_bit_hash,661,983
int_bit_hash,662,976
int_bit_hash,663,1002
int_bit_hash,664,1006
int_bit_hash,665,937
int_bit_hash,666,1038
int_bit_hash,667,1001
int_bit_hash,668,1020
int_bit_hash,669,1015
int_bit_hash,670,901
int_bit_hash,671,1029
int_bit_hash,672,974
int_bit_hash,673,946
int_bit_hash,674,953
int_bit_hash,675,1036
int_bit_hash,676,1027
int_bit_hash,677,1010
int_bit_hash,678,1040
int_bit_hash,679,935
int_bit_hash,680,1020
int_bit_hash,681,988
int_bit_hash,682,1027
int_bit_hash,683,1000
int_bit_hash,684,996
int_bit_hash,685,940
int_bit_hash,686,984
int_bit_hash,687,1004
int_bit_hash,688,989
int_bit_hash,689,1027
int_bit_hash,690,1053
int_bit_hash,691,958
int_bit_hash,692,1016
int_bit_hash,693,1034
int_bit_hash,694,977
int_bit_hash,695,1004
int_bit_hash,696,953
int_bit_hash,697,1018
int_bit_hash,698,1015
int_bit_hash,699,1042
int_bit_hash,700,1001
int_bit_hash,701,1015
int_bit_hash,702,992
int_bit_hash,703,1024
int_bit_hash,704,989
int_bit_hash,705,1036
int_bit_hash,706,959
int_bit_hash,707,982
int_bit_hash,708,979
int_bit_hash,709,990
int_bit_hash,710,965
int_bit_hash,711,996
int_bit_hash,712,1012
int_bit_hash,713,1036
int_bit_hash,714,1007
int_bit_hash,715,995
int_bit_hash,716,1019
int_bit_hash,717,1061
int_bit_hash,718,976
int_bit_hash,719,1024
int_bit_hash,720,1046
int_bit_hash,721,997
int_bit_hash,722,994
int_bit_hash,723,1096
int_bit_hash,724,1028
int_bit_hash,725,1014
int_bit_hash,726,1063
int_bit_hash,727,1027
int_bit_hash,728,1009
int_bit_hash,729,1004
int_bit_hash,730,960
int_bit_hash,731,987
int_bit_hash,732,1025
int_bit_hash,733,933
int_bit_hash,734,963
int_bit_hash,735,1022
int_bit_hash,736,999
int_bit_hash,737,1023
int_bit_hash,738,965
int_bit_hash,739,1033
int_bit_hash,740,1026
int_bit_hash,741,998
int_bit_hash,742,1024
int_bit_hash,743,1026
int_bit_hash,744,960
int_bit_hash,745,982
int_bit_hash,746,977
int_bit_hash,747,957
int_bit_hash,748,1042
int_bit_hash,749,1033
int_bit_hash,750,1029
int_bit_hash,751,1005
int_bit_hash,752,961
int_bit_hash,753,988
int_bit_hash,754,1033
int_bit_hash,755,960
int_bit_hash,756,949
int_bit_hash,757,998
int_bit_hash,758,1059
int_bit_hash,759,1009
int_bit_hash,760,996
int_bit_hash,761,1023
int_bit_hash,762,991
int_bit_hash,763,972
int_bit_hash,764,995
int_bit_hash,765,956
int_bit_hash,766,1041
int_bit_hash,767,977
int_bit_hash,768,997
int_bit_hash,769,988
int_bit_hash,770,1005
int_bit_hash,771,983
int_bit_hash,772,1027
int_bit_hash,773,1016
int_bit_hash,774,1003
int_bit_hash,775,1016
int_bit_hash,776,1039
int_bit_hash,777,1022
int_bit_hash,778,994
int_bit_hash,779,967
int_bit_hash,780,993
int_bit_hash,781,1065
int_bit_hash,782,963
int_bit_hash,783,1027
int_bit_hash,784,991
int_bit_hash,785,1067
int_bit_hash,786,989
int_bit_hash,787,977
int_bit_hash,788,976
int_bit_hash,789,1039
int_bit_hash,790,958
int_bit_hash,791,965
int_bit_hash,792,955
int_bit_hash,793,1015
int_bit_hash,794,997
int_bit_hash,795,961
int_bit_hash,796,1015
int_bit_hash,797,987
int_bit_hash,798,1029
int_bit_hash,799,1003
int_bit_hash,800,1013
int_bit_hash,801,1004
int_bit_hash,802,1003
int_bit_hash,803,989
int_bit_hash,804,989
int_bit_hash,805,1034
int_bit_hash,806,1005
int_bit_hash,807,1023
int_bit_hash,808,1003
int_bit_hash,809,998
int_bit_hash,810,1008
int_bit_hash,811,1030
int_bit_hash,812,1001
int_bit_hash,813,1001
int_bit_hash,814,1015
int_bit_hash,815,1002
int_bit_hash,816,1034
int_bit_hash,817,1034
int_bit_hash,818,973
int_bit_hash,819,1038
int_bit_hash,820,978
int_bit_hash,821,973
int_bit_hash,822,999
int_bit_hash,823,999
int_bit_hash,824,1023
int_bit_hash,825,972
int_bit_hash,826,931
int_bit_hash,827,1069
int_bit_hash,828,1032
int_bit_hash,829,957
int_bit_hash,830,974
int_bit_hash,831,998
int_bit_hash,832,1016
int_bit_hash,833,1016
int_bit_hash,834,1019
int_bit_hash,835,1026
int_bit_hash,836,972
int_bit_hash,837,1014
int_bit_hash,838,992
int_bit_hash,839,1068
int_bit_hash,840,1014
int_bit_hash,841,1045
int_bit_hash,842,935
int_bit_hash,843,986
int_bit_hash,844,1002
int_bit_hash,845,979
int_bit_hash,846,1022
int_bit_hash,847,1027
int_bit_hash,848,1037
int_bit_hash,849,996
int_bit_hash,850,999
int_bit_hash,851,929
int_bit_hash,852,986
int_bit_hash,853,993
int_bit_hash,854,1028
int_bit_hash,855,975
int_bit_hash,856,983
int_bit_hash,857,1060
int_bit_hash,858,1002
int_bit_hash,859,953
int_bit_hash,860,988
int_bit_hash,861,998
int_bit_hash,862,1032
int_bit_hash,863,994
int_bit_hash,864,1011
int_bit_hash,865,949
int_bit_hash,866,970
int_bit_hash,867,950
int_bit_hash,868,982
int_bit_hash,869,1039
int_bit_hash,870,1005
int_bit_hash,871,988
int_bit_hash,872,1022
int_bit_hash,873,1019
int_bit_hash,874,982
int_bit_hash,875,1040
int_bit_hash,876,940
int_bit_hash,877,1023
int_bit_hash,878,978
int_bit_hash,879,999
int_bit_hash,880,950
int_bit_hash,881,996
int_bit_hash,882,1024
int_bit_hash,883,982
int_bit_hash,884,1053
int_bit_hash,885,977
int_bit_hash,886,1036
int_bit_hash,887,988
int_bit_hash,888,1008
int_bit_hash,889,955
int_bit_hash,890,1000
int_bit_hash,891,1015
int_bit_hash,892,975
int_bit_hash,893,939
int_bit_hash,894,999
int_bit_hash,895,1082
int_bit_hash,896,972
int_bit_hash,897,999
int_bit_hash,898,1022
int_bit_hash,899,988
int_bit_hash,900,1005
int_bit_hash,901,969
int_bit_hash,902,988
int_bit_hash,903,943
int_bit_hash,904,996
int_bit_hash,905,982
int_bit_hash,906,953
int_bit_hash,907,1000
int_bit_hash,908,985
int_bit_hash,909,973
int_bit_hash,910,987
int_bit_hash,911,987
int_bit_hash,912,989
int_bit_hash,913,1001
int_bit_hash,914,1045
int_bit_hash,915,1002
int_bit_hash,916,984
int_bit_hash,917,984
int_bit_hash,918,1013
int_bit_hash,919,944
int_bit_hash,920,1008
int_bit_hash,921,1022
int_bit_hash,922,1014
int_bit_hash,923,1002
int_bit_hash,924,991
int_bit_hash,925,980
int_bit_hash,926,1013
int_bit_hash,927,986
int_bit_hash,928,997
int_bit_hash,929,1036
int_bit_hash,930,1012
int_bit_hash,931,1015
int_bit_hash,932,1015
int_bit_hash,933,984
int_bit_hash,934,989
int_bit_hash,935,976
int_bit_hash,936,955
int_bit_hash,937,982
int_bit_hash,938,980
int_bit_hash,939,994
int_bit_hash,940,1015
int_bit_hash,941,960
int_bit_hash,942,971
int_bit_hash,943,1019
int_bit_hash,944,1007
int_bit_hash,945,960
int_bit_hash,946,988
int_bit_hash,947,984
int_bit_hash,948,1007
int_bit_hash,949,1020
int_bit_hash,950,1048
int_bit_hash,951,996
int_bit_hash,952,1002
int_bit_hash,953,993
int_bit_hash,954,983
int_bit_hash,955,998
int_bit_hash,956,1034
int_bit_hash,957,1058
int_bit_hash,958,1021
int_bit_hash,959,1052
int_bit_hash,960,996
int_bit_hash,961,1025
int_bit_hash,962,980
int_bit_hash,963,1000
int_bit_hash,964,980
int_bit_hash,965,990
int_bit_hash,966,970
int_bit_hash,967,1057
int_bit_hash,968,1034
int_bit_hash,969,989
int_bit_hash,970,1006
int_bit_hash,971,1008
int_bit_hash,972,971
int_bit_hash,973,977
int_bit_hash,974,1027
int_bit_hash,975,1041
int_bit_hash,976,1049
int_bit_hash,977,993
int_bit_hash,978,1007
int_bit_hash,979,1055
int_bit_hash,980,994
int_bit_hash,981,973
int_bit_hash,982,1038
int_bit_hash,983,980
int_bit_hash,984,1031
int_bit_hash,985,1008
int_bit_hash,986,945
int_bit_hash,987,1009
int_bit_hash,988,968
int_bit_hash,989,1024
int_bit_hash,990,1024
int_bit_hash,991,988
int_bit_hash,992,983
int_bit_hash,993,996
int_bit_hash,994,1000
int_bit_hash,995,945
int_bit_hash,996,991
int_bit_hash,997,1034
int_bit_hash,998,998
int_bit_hash,999,1035
int_multiplication_hash,0,971
int_multiplication_hash,1,1023
int_multiplication_hash,2,1010
int_multiplication_hash,3,972
int_multiplication_hash,4,989
int_multiplication_hash,5,1015
int_multiplication_hash,6,1003
int_multiplication_hash,7,999
int_multiplication_hash,8,1011
int_multiplication_hash,9,964
int_multiplication_hash,10,1009
int_multiplication_hash,11,1043
int_multiplication_hash,12,999
int_multiplication_hash,13,1017
int_multiplication_hash,14,995
int_multiplication_hash,15,890
int_multiplication_hash,16,990
int_multiplication_hash,17,981
int_multiplication_hash,18,951
int_multiplication_hash,19,1023
int_multiplication_hash,20,993
int_multiplication_hash,21,1044
int_multiplication_hash,22,973
int_multiplication_hash,23,1034
int_multiplication_hash,24,1024
int_multiplication_hash,25,1024
int_multiplication_hash,26,1028
int_multiplication_hash,27,1004
int_multiplication_hash,28,999
int_multiplication_hash,29,1037
int_multiplication_hash,30,1018
int_multiplication_hash,31,947
int_multiplication_hash,32,1016
int_multiplication_hash,33,1020
int_multiplication_hash,34,1026
int_multiplication_hash,35,992
int_multiplication_hash,36,991
int_multiplication_hash,37,965
int_multiplication_hash,38,1021
int_multiplication_hash,39,999
int_multiplication_hash,40,951
int_multiplication_hash,41,1009
int_multiplication_hash,42,989
int_multiplication_hash,43,1056
int_multiplication_hash,44,1006
int_multiplication_hash,45,1047
int_multiplication_hash,46,1004
int_multiplication_hash,47,997
int_multiplication_hash,48,966
int_multiplication_hash,49,958
int_multiplication_hash,50,974
int_multiplication_hash,51,959
int_multiplication_hash,52,1034
int_multiplication_hash,53,951
int_multiplication_hash,54,983
int_multiplication_hash,55,960
int_multiplication_hash,56,964
int_multiplication_hash,57,1028
int_multiplication_hash,58,1040
int_multiplication_hash,59,993
int_multiplication_hash,60,995
int_multiplication_hash,61,1012
int_multiplication_hash,62,947
int_multiplication_hash,63,981
int_multiplication_hash,64,969
int_multiplication_hash,65,1065
int_multiplication_hash,66,1026
int_multiplication_hash,67,1030
int_multiplication_hash,68,1004
int_multiplication_hash,69,1019
int_multiplication_hash,70,995
int_multiplication_hash,71,1049
int_multiplication_hash,72,1031
int_multiplication_hash,73,977
int_multiplication_hash,74,997
int_multiplication_hash,75,1017
int_multiplication_hash,76,1039
int_multiplication_hash,77,961
int_multiplication_hash,78,984
int_multiplication_hash,79,1009
int_multiplication_hash,80,1032
int_multiplication_hash,81,995
int_multiplication_hash,82,975
int_multiplication_hash,83,1024
int_multiplication_hash,84,956
int_multiplication_hash,85,988
int_multiplication_hash,86,943
int_multiplication_hash,87,969
int_multiplication_hash,88,1026
int_multiplication_hash,89,965
int_multiplication_hash,90,988
int_multiplication_hash,91,980
int_multiplication_hash,92,921
int_multiplication_hash,93,989
int_multiplication_hash,94,1013
int_multiplication_hash,95,1025
int_multiplication_hash,96,1012
int_multiplication_hash,97,976
int_multiplication_hash,98,1022
int_multiplication_hash,99,1022
int_multiplication_hash,100,950
int_multiplication_hash,101,986
int_multiplication_hash,102,991
int_multiplication_hash,103,998
int_multiplication_hash,104,931
int_multiplication_hash,105,978
int_multiplication_hash,106,999
int_multiplication_hash,107,1022
int_multiplication_hash,108,1062
int_multiplication_hash,109,997
int_multiplication_hash,110,1098
int_multiplication_hash,111,1011
int_multiplication_hash,112,1048
int_multiplication_hash,113,975
int_multiplication_hash,114,950
int_multiplication_hash,115,1000
int_multiplication_hash,116,951
int_multiplication_hash,117,989
int_multiplication_hash,118,933
int_multiplication_hash,119,966
int_multiplication_hash,120,1029
int_multiplication_hash,121,1002
int_multiplication_hash,122,993
int_multiplication_hash,123,968
int_multiplication_hash,124,1022
int_multiplication_hash,125,983
int_multiplication_hash,126,977
int_multiplication_hash,127,1002
int_multiplication_hash,128,1057
int_multiplication_hash,129,1016
int_multiplication_hash,130,1009
int_multiplication_hash,131,950
int_multiplication_hash,132,945
int_multiplication_hash,133,1048
int_multiplication_hash,134,989
int_multiplication_hash,135,1032
int_multiplication_hash,136,988
int_multiplication_hash,137,973
int_multiplication_hash,138,988
int_multiplication_hash,139,1020
int_multiplication_hash,140,968
int_multiplication_hash,141,1040
int_multiplication_hash,142,1029
int_multiplication_hash,143,1008
int_multiplication_hash,144,979
int_multiplication_hash,145,988
int_multiplication_hash,146,1002
int_multiplication_hash,147,974
int_multiplication_hash,148,979
int_multiplication_hash,149,1042
int_multiplication_hash,150,1026
int_multiplication_hash,151,1013
int_multiplication_hash,152,982
int_multiplication_hash,153,984
int_multiplication_hash,154,1069
int_multiplication_hash,155,1024
int_multiplication_hash,156,1002
int_multiplication_hash,157,1018
int_multiplication_hash,158,962
int_multiplication_hash,159,1002
int_multiplication_hash,160,977
int_multiplication_hash,161,1009
int_multiplication_hash,162,997
int_multiplication_hash,163,1050
int_multiplication_hash,164,1022
int_multiplication_hash,165,988
int_multiplication_hash,166,1013
int_multiplication_hash,167,978
int_multiplication_hash,168,971
int_multiplication_hash,169,990
int_multiplication_hash,170,977
int_multiplication_hash,171,1045
int_multiplication_hash,172,1072
int_multiplication_hash,173,1031
int_multiplication_hash,174,1004
int_multiplication_hash,175,1021
int_multiplication_hash,176,962
int_multiplication_hash,177,981
int_multiplication_hash,178,976
int_multiplication_hash,179,942
int_multiplication_hash,180,1005
int_multiplication_hash,181,1016
int_multiplication_hash,182,941
int_multiplication_hash,183,1007
int_multiplication_hash,184,987
int_multiplication_hash,185,991
int_multiplication_hash,186,1010
int_multiplication_hash,187,983
int_multiplication_hash,188,992
int_multiplication_hash,189,1065
int_multiplication_hash,190,1022
int_multiplication_hash,191,1018
int_multiplication_hash,192,1000
int_multiplication_hash,193,1001
int_multiplication_hash,194,1023
int_multiplication_hash,195,992
int_multiplication_hash,196,1041
int_multiplication_hash,197,1000
int_multiplication_hash,198,990
int_multiplication_hash,199,966
int_multiplication_hash,200,1011
int_multiplication_hash,201,993
int_multiplication_hash,202,938
int_multiplication_hash,203,993
int_multiplication_hash,204,983
int_multiplication_hash,205,997
int_multiplication_hash,206,974
int_multiplication_hash,207,1003
int_multiplication_hash,208,999
int_multiplication_hash,209,1007
int_multiplication_hash,210,991
int_multiplication_hash,211,1008
int_multiplication_hash,212,993
int_multiplication_hash,213,981
int_multiplication_hash,214,996
int_multiplication_hash,215,990
int_multiplication_hash,216,1048
int_multiplication_hash,217,1050
int_multiplication_hash,218,1032
int_multiplication_hash,219,985
int_multiplication_hash,220,969
int_multiplication_hash,221,981
int_multiplication_hash,222,1022
int_multiplication_hash,223,980
int_multiplication_hash,224,981
int_multiplication_hash,225,1007
int_multiplication_hash,226,1001
int_multiplication_hash,227,991
int_multiplication_hash,228,1072
int_multiplication_hash,229,1030
int_multiplication_hash,230,1006
int_multiplication_hash,231,994
int_multiplication_hash,232,1010
int_multiplication_hash,233,1024
int_multiplication_hash,234,1000
int_multiplication_hash,235,950
int_multiplication_hash,236,970
int_multiplication_hash,237,1005
int_multiplication_hash,238,1010
int_multiplication_hash,239,1008
int_multiplication_hash,240,1003
int_multiplication_hash,241,1003
int_multiplication_hash,242,977
int_multiplication_hash,243,990
int_multiplication_hash,244,1029
int_multiplication_hash,245,1026
int_multiplication_hash,246,944
int_multiplication_hash,247,954
int_multiplication_hash,248,1015
int_multiplication_hash,249,970
int_multiplication_hash,250,1004
int_multiplication_hash,251,1038
int_multiplication_hash,252,993
int_multiplication_hash,253,986
int_multiplication_hash,254,1046
int_multiplication_hash,255,980
int_multiplication_hash,256,989
int_multiplication_hash,257,1012
int_multiplication_hash,258,1001
int_multiplication_hash,259,981
int_multiplication_hash,260,982
int_multiplication_hash,261,1008
int_multiplication_hash,262,939
int_multiplication_hash,263,1016
int_multiplication_hash,264,1002
int_multiplication_hash,265,991
int_multiplication_hash,266,1036
int_multiplication_hash,267,976
int_multiplication_hash,268,947
int_multiplication_hash,269,945
int_multiplication_hash,270,1014
int_multiplication_hash,271,1058
int_multiplication_hash,272,954
int_multiplication_hash,273,1007
int_multiplication_hash,274,955
int_multiplication_hash,275,925
int_multiplication_hash,276,992
int_multiplication_hash,277,1060
int_multiplication_hash,278,970
int_multiplication_hash,279,950
int_multiplication_hash,280,965
int_multiplication_hash,281,973
int_multiplication_hash,282,992
int_multiplication_hash,283,978
int_multiplication_hash,284,974
int_multiplication_hash,285,966
int_multiplication_hash,286,1038
int_multiplication_hash,287,1004
int_multiplication_hash,288,1044
int_multiplication_hash,289,994
int_multiplication_hash,290,970
int_multiplication_hash,291,1007
int_multiplication_hash,292,1029
int_multiplication_hash,293,977
int_multiplication_hash,294,906
int_multiplication_hash,295,1011
int_multiplication_hash,296,1013
int_multiplication_hash,297,982
int_multiplication_hash,298,1028
int_multiplication_hash,299,982
int_multiplication_hash,300,1001
int_multiplication_hash,301,983
int_multiplication_hash,302,982
int_multiplication_hash,303,987
int_multiplication_hash,304,1042
int_multiplication_hash,305,984
int_multiplication_hash,306,1014
int_multiplication_hash,307,990
int_multiplication_hash,308,1070
int_multiplication_hash,309,1016
int_multiplication_hash,310,1044
int_multiplication_hash,311,978
int_multiplication_hash,312,1051
int_multiplication_hash,313,996
int_multiplication_hash,314,1026
int_multiplication_hash,315,998
int_multiplication_hash,316,945
int_multiplication_hash,317,1002
int_multiplication_hash,318,1023
int_multiplication_hash,319,973
int_multiplication_hash,320,1045
int_multiplication_hash,321,1034
int_multiplication_hash,322,1061
int_multiplication_hash,323,1037
int_multiplication_hash,324,966
int_multiplication_hash,325,944
int_multiplication_hash,326,982
int_multiplication_hash,327,943
int_multiplication_hash,328,1077
int_multiplication_hash,329,979
int_multiplication_hash,330,1016
int_multiplication_hash,331,1058
int_multiplication_hash,332,1029
int_multiplication_hash,333,986
int_multiplication_hash,334,1065
int_multiplication_hash,335,1006
int_multiplication_hash,336,1021
int_multiplication_hash,337,991
int_multiplication_hash,338,980
int_multiplication_hash,339,988
int_multiplication_hash,340,991
int_multiplication_hash,341,998
int_multiplication_hash,342,1034
int_multiplication_hash,343,972
int_multiplication_hash,344,978
int_multiplication_hash,345,981
int_multiplication_hash,346,960
int_multiplication_hash,347,1025
int_multiplication_hash,348,1000
int_multiplication_hash,349,1019
int_multiplication_hash,350,1023
int_multiplication_hash,351,1018
int_multiplication_hash,352,995
int_multiplication_hash,353,993
int_multiplication_hash,354,1015
int_multiplication_hash,355,1031
int_multiplication_hash,356,1015
int_multiplication_hash,357,977
int_multiplication_hash,358,940
int_multiplication_hash,359,1045
int_multiplication_hash,360,1015
int_multiplication_hash,361,1004
int_multiplication_hash,362,985
int_multiplication_hash,363,1003
int_multiplication_hash,364,977
int_multiplication_hash,365,1001
int_multiplication_hash,366,990
int_multiplication_hash,367,1001
int_multiplication_hash,368,1012
int_multiplication_hash,369,987
int_multiplication_hash,370,959
int_multiplication_hash,371,960
int_multiplication_hash,372,1021
int_multiplication_hash,373,1004
int_multiplication_hash,374,993
int_multiplication_hash,375,1001
int_multiplication_hash,376,1017
int_multiplication_hash,377,967
int_multiplication_hash,378,1018
int_multiplication_hash,379,975
int_multiplication_hash,380,994
int_multiplication_hash,381,1025
int_multiplication_hash,382,955
int_multiplication_hash,383,1023
int_multiplication_hash,384,981
int_multiplication_hash,385,1049
int_multiplication_hash,386,986
int_multiplication_hash,387,1001
int_multiplication_hash,388,1052
int_multiplication_hash,389,944
int_multiplication_hash,390,1017
int_multiplication_hash,391,919
int_multiplication_hash,392,1021
int_multiplication_hash,393,1013
int_multiplication_hash,394,960
int_multiplication_hash,395,957
int_multiplication_hash,396,979
int_multiplication_hash,397,970
int_multiplication_hash,398,1014
int_multiplication_hash,399,989
int_multiplication_hash,400,990
int_multiplication_hash,401,1008
int_multiplication_hash,402,1045
int_multiplication_hash,403,1037
int_multiplication_hash,404,1051
int_multiplication_hash,405,1028
int_multiplication_hash,406,1008
int_multiplication_hash,407,957
int_multiplication_hash,408,963
int_multiplication_hash,409,1039
int_multiplication_hash,410,994
int_multiplication_hash,411,1036
int_multiplication_hash,412,1022
int_multiplication_hash,413,996
int_multiplication_hash,414,1045
int_multiplication_hash,415,972
int_multiplication_hash,416,1007
int_multiplication_hash,417,1037
int_multiplication_hash,418,972
int_multiplication_hash,419,986
int_multiplication_hash,420,982
int_multiplication_hash,421,1045
int_multiplication_hash,422,1037
int_multiplication_hash,423,978
int_multiplication_hash,424,1016
int_multiplication_hash,425,975
int_multiplication_hash,426,1020
int_multiplication_hash,427,989
int_multiplication_hash,428,997
int_multiplication_hash,429,1014
int_multiplication_hash,430,1018
int_multiplication_hash,431,951
int_multiplication_hash,432,1058
int_multiplication_hash,433,1001
int_multiplication_hash,434,984
int_multiplication_hash,435,987
int_multiplication_hash,436,981
int_multiplication_hash,437,969
int_multiplication_hash,438,1010
int_multiplication_hash,439,999
int_multiplication_hash,440,1050
int_multiplication_hash,441,995
int_multiplication_hash,442,1001
int_multiplication_hash,443,991
int_multiplication_hash,444,983
int_multiplication_hash,445,978
int_multiplication_hash,446,972
int_multiplication_hash,447,1048
int_multiplication_hash,448,1017
int_multiplication_hash,449,983
int_multiplication_hash,450,1051
int_multiplication_hash,451,989
int_multiplication_hash,452,984
int_multiplication_hash,453,992
int_multiplication_hash,454,1009
int_multiplication_hash,455,1021
int_multiplication_hash,456,998
int_multiplication_hash,457,1012
int_multiplication_hash,458,1000
int_multiplication_hash,459,1052
int_multiplication_hash,460,985
int_multiplication_hash,461,984
int_multiplication_hash,462,1039
int_multiplication_hash,463,992
int_multiplication_hash,464,1010
int_multiplication_hash,465,1068
int_multiplication_hash,466,1010
int_multiplication_hash,467,955
int_multiplication_hash,468,960
int_multiplication_hash,469,975
int_multiplication_hash,470,1071
int_multiplication_hash,471,1023
int_multiplication_hash,472,989
int_multiplication_hash,473,977
int_multiplication_hash,474,965
int_multiplication_hash,475,990
int_multiplication_hash,476,972
int_multiplication_hash,477,996
int_multiplication_hash,478,982
int_multiplication_hash,479,996
int_multiplication_hash,480,1034
int_multiplication_hash,481,1058
int_multiplication_hash,482,971
int_multiplication_hash,483,1021
int_multiplication_hash,484,1018
int_multiplication_hash,485,1058
int_multiplication_hash,486,984
int_multiplication_hash,487,1004
int_multiplication_hash,488,981
int_multiplication_hash,489,1006
int_multiplication_hash,490,1003
int_multiplication_hash,491,1088
int_multiplication_hash,492,1003
int_multiplication_hash,493,998
int_multiplication_hash,494,1001
int_multiplication_hash,495,982
int_multiplication_hash,496,974
int_multiplication_hash,497,1047
int_multiplication_hash,498,983
int_multiplication_hash,499,982
int_multiplication_hash,500,992
int_multiplication_hash,501,1021
int_multiplication_hash,502,1050
int_multiplication_hash,503,982
int_multiplication_hash,504,997
int_multiplication_hash,505,1013
int_multiplication_hash,506,969
int_multiplication_hash,507,999
int_multiplication_hash,508,992
int_multiplication_hash,509,1053
int_multiplication_hash,510,984
int_multiplication_hash,511,1030
int_multiplication_hash,512,958
int_multiplication_hash,513,999
int_multiplication_hash,514,1042
int_multiplication_hash,515,975
int_multiplication_hash,516,1052
int_multiplication_hash,517,988
int_multiplication_hash,518,996
int_multiplication_hash,519,1020
int_multiplication_hash,520,999
int_multiplication_hash,521,1017
int_multiplication_hash,522,1002
int_multiplication_hash,523,931
int_multiplication_hash,524,1058
int_multiplication_hash,525,1016
int_multiplication_hash,526,995
int_multiplication_hash,527,1004
int_multiplication_hash,528,1015
int_multiplication_hash,529,965
int_multiplication_hash,530,984
int_multiplication_hash,531,1011
int_multiplication_hash,532,991
int_multiplication_hash,533,981
int_multiplication_hash,534,1023
int_multiplication_hash,535,1003
int_multiplication_hash,536,1006
int_multiplication_hash,537,961
int_multiplication_hash,538,964
int_multiplication_hash,539,945
int_multiplication_hash,540,1056
int_multiplication_hash,541,992
int_multiplication_hash,542,1003
int_multiplication_hash,543,1015
int_multiplication_hash,544,970
int_multiplication_hash,545,1037
int_multiplication_hash,546,981
int_multiplication_hash,547,966
int_multiplication_hash,548,1014
int_multiplication_hash,549,923
int_multiplication_hash,550,987
int_multiplication_hash,551,1053
int_multiplication_hash,552,978
int_multiplication_hash,553,953
int_multiplication_hash,554,972
int_multiplication_hash,555,978
int_multiplication_hash,556,991
int_multiplication_hash,557,988
int_multiplication_hash,558,966
int_multiplication_hash,559,1061
int_multiplication_hash,560,993
int_multiplication_hash,561,972
int_multiplication_hash,562,977
int_multiplication_hash,563,992
int_multiplication_hash,564,964
int_multiplication_hash,565,962
int_multiplication_hash,566,1003
int_multiplication_hash,567,987
int_multiplication_hash,568,931
int_multiplication_hash,569,975
int_multiplication_hash,570,1007
int_multiplication_hash,571,996
int_multiplication_hash,572,1022
int_multiplication_hash,573,987
int_multiplication_hash,574,1022
int_multiplication_hash,575,954
int_multiplication_hash,576,991
int_multiplication_hash,577,1013
int_multiplication_hash,578,1025
int_multiplication_hash,579,983
int_multiplication_hash,580,960
int_multiplication_hash,581,984
int_multiplication_hash,582,1049
int_multiplication_hash,583,999
int_multiplication_hash,584,1005
int_multiplication_hash,585,955
int_multiplication_hash,586,1007
int_multiplication_hash,587,1006
int_multiplication_hash,588,1032
int_multiplication_hash,589,934
int_multiplication_hash,590,973
int_multiplication_hash,591,1002
int_multiplication_hash,592,1046
int_multiplication_hash,593,975
int_multiplication_hash,594,1011
int_multiplication_hash,595,972
int_multiplication_hash,596,1020
int_multiplication_hash,597,1034
int_multiplication_hash,598,972
int_multiplication_hash,599,1026
int_multiplication_hash,600,1015
int_multiplication_hash,601,999
int_multiplication_hash,602,1000
int_multiplication_hash,603,966
int_multiplication_hash,604,1004
int_multiplication_hash,605,979
int_multiplication_hash,606,994
int_multiplication_hash,607,996
int_multiplication_hash,608,1051
int_multiplication_hash,609,977
int_multiplication_hash,610,1000
int_multiplication_hash,611,981
int_multiplication_hash,612,1022
int_multiplication_hash,613,944
int_multiplication_hash,614,972
int_multiplication_hash,615,965
int_multiplication_hash,616,1010
int_multiplication_hash,617,1043
int_multiplication_hash,618,998
int_multiplication_hash,619,1031
int_multiplication_hash,620,964
int_multiplication_hash,621,970
int_multiplication_hash,622,1007
int_multiplication_hash,623,969
int_multiplication_hash,624,1034
int_multiplication_hash,625,1002
int_multiplication_hash,626,1002
int_multiplication_hash,627,1018
int_multiplication_hash,628,1023
int_multiplication_hash,629,983
int_multiplication_hash,630,1002
int_multiplication_hash,631,1026
int_multiplication_hash,632,988
int_multiplication_hash,633,970
int_multiplication_hash,634,1012
int_multiplication_hash,635,1039
int_multiplication_hash,636,977
int_multiplication_hash,637,978
int_multiplication_hash,638,993
int_multiplication_hash,639,982
int_multiplication_hash,640,987
int_multiplication_hash,641,1046
int_multiplication_hash,642,999
int_multiplication_hash,643,1020
int_multiplication_hash,644,987
int_multiplication_hash,645,979
int_multiplication_hash,646,1010
int_multiplication_hash,647,978
int_multiplication_hash,648,982
int_multiplication_hash,649,1042
int_multiplication_hash,650,1017
int_multiplication_hash,651,957
int_multiplication_hash,652,953
int_multiplication_hash,653,1009
int_multiplication_hash,654,1039
int_multiplication_hash,655,1002
int_multiplication_hash,656,1058
int_multiplication_hash,657,986
int_multiplication_hash,658,990
int_multiplication_hash,659,985
int_multiplication_hash,660,1000
int_multiplication_hash,661,1032
int_multiplication_hash,662,970
int_multiplication_hash,663,993
int_multiplication_hash,664,988
int_multiplication_hash,665,983
int_multiplication_hash,666,964
int_multiplication_hash,667,944
int_multiplication_hash,668,956
int_multiplication_hash,669,1014
int_multiplication_hash,670,1037
int_multiplication_hash,671,999
int_multiplication_hash,672,966
int_multiplication_hash,673,1075
int_multiplication_hash,674,999
int_multiplication_hash,675,974
int_multiplication_hash,676,1017
int_multiplication_hash,677,988
int_multiplication_hash,678,1046
int_multiplication_hash,679,1028
int_multiplication_hash,680,1016
int_multiplication_hash,681,1012
int_multiplication_hash,682,983
int_multiplication_hash,683,1013
int_multiplication_hash,684,1023
int_multiplication_hash,685,1052
int_multiplication_hash,686,1004
int_multiplication_hash,687,983
int_multiplication_hash,688,1034
int_multiplication_hash,689,1035
int_multiplication_hash,690,978
int_multiplication_hash,691,993
int_multiplication_hash,692,972
int_multiplication_hash,693,995
int_multiplication_hash,694,1015
int_multiplication_hash,695,1008
int_multiplication_hash,696,971
int_multiplication_hash,697,1042
int_multiplication_hash,698,988
int_multiplication_hash,699,1022
int_multiplication_hash,700,1012
int_multiplication_hash,701,945
int_multiplication_hash,702,1021
int_multiplication_hash,703,968
int_multiplication_hash,704,977
int_multiplication_hash,705,1025
int_multiplication_hash,706,1017
int_multiplication_hash,707,967
int_multiplication_hash,708,1066
int_multiplication_hash,709,1040
int_multiplication_hash,710,985
int_multiplication_hash,711,953
int_multiplication_hash,712,1012
int_multiplication_hash,713,974
int_multiplication_hash,714,1005
int_multiplication_hash,715,1057
int_multiplication_hash,716,989
int_multiplication_hash,717,1015
int_multiplication_hash,718,1069
int_multiplication_hash,719,976
int_multiplication_hash,720,959
int_multiplication_hash,721,962
int_multiplication_hash,722,1018
int_multiplication_hash,723,953
int_multiplication_hash,724,1002
int_multiplication_hash,725,998
int_multiplication_hash,726,1019
int_multiplication_hash,727,1012
int_multiplication_hash,728,986
int_multiplication_hash,729,1027
int_multiplication_hash,730,944
int_multiplication_hash,731,1045
int_multiplication_hash,732,942
int_multiplication_hash,733,993
int_multiplication_hash,734,984
int_multiplication_hash,735,1002
int_multiplication_hash,736,1003
int_multiplication_hash,737,988
int_multiplication_hash,738,942
int_multiplication_hash,739,1005
int_multiplication_hash,740,1005
int_multiplication_hash,741,985
int_multiplication_hash,742,1011
int_multiplication_hash,743,930
int_multiplication_hash,744,1019
int_multiplication_hash,745,998
int_multiplication_hash,746,1055
int_multiplication_hash,747,999
int_multiplication_hash,748,964
int_multiplication_hash,749,1009
int_multiplication_hash,750,1037
int_multiplication_hash,751,1016
int_multiplication_hash,752,985
int_multiplication_hash,753,951
int_multiplication_hash,754,999
int_multiplication_hash,755,1045
int_multiplication_hash,756,1087
int_multiplication_hash,757,993
int_multiplication_hash,758,996
int_multiplication_hash,759,965
int_multiplication_hash,760,949
int_multiplication_hash,761,1049
int_multiplication_hash,762,1009
int_multiplication_hash,763,1006
int_multiplication_hash,764,1005
int_multiplication_hash,765,994
int_multiplication_hash,766,1004
int_multiplication_hash,767,976
int_multiplication_hash,768,967
int_multiplication_hash,769,1012
int_multiplication_hash,770,1025
int_multiplication_hash,771,1002
int_multiplication_hash,772,1033
int_multiplication_hash,773,996
int_multiplication_hash,774,995
int_multiplication_hash,775,953
int_multiplication_hash,776,1003
int_multiplication_hash,777,972
int_multiplication_hash,778,1016
int_multiplication_hash,779,951
int_multiplication_hash,780,1064
int_multiplication_hash,781,999
int_multiplication_hash,782,991
int_multiplication_hash,783,1096
int_multiplication_hash,784,1008
int_multiplication_hash,785,1025
int_multiplication_hash,786,1055
int_multiplication_hash,787,1048
int_multiplication_hash,788,985
int_multiplication_hash,789,1011
int_multiplication_hash,790,1020
int_multiplication_hash,791,989
int_multiplication_hash,792,989
int_multiplication_hash,793,969
int_multiplication_hash,794,1034
int_multiplication_hash,795,974
int_multiplication_hash,796,1056
int_multiplication_hash,797,972
int_multiplication_hash,798,1000
int_multiplication_hash,799,1008
int_multiplication_hash,800,970
int_multiplication_hash,801,1007
int_multiplication_hash,802,967
int_multiplication_hash,803,1035
int_multiplication_hash,804,978
int_multiplication_hash,805,1028
int_multiplication_hash,806,999
int_multiplication_hash,807,1032
int_multiplication_hash,808,1007
int_multiplication_hash,809,989
int_multiplication_hash,810,1013
int_multiplication_hash,811,1071
int_multiplication_hash,812,1017
int_multiplication_hash,813,961
int_multiplication_hash,814,1018
int_multiplication_hash,815,994
int_multiplication_hash,816,1008
int_multiplication_hash,817,1023
int_multiplication_hash,818,972
int_multiplication_hash,819,1004
int_multiplication_hash,820,1073
int_multiplication_hash,821,997
int_multiplication_hash,822,1001
int_multiplication_hash,823,998
int_multiplication_hash,824,946
int_multiplication_hash,825,1013
int_multiplication_hash,826,1054
int_multiplication_hash,827,994
int_multiplication_hash,828,973
int_multiplication_hash,829,1046
int_multiplication_hash,830,1028
int_multiplication_hash,831,1041
int_multiplication_hash,832,1011
int_multiplication_hash,833,1004
int_multiplication_hash,834,1020
int_multiplication_hash,835,1031
int_multiplication_hash,836,984
int_multiplication_hash,837,1001
int_multiplication_hash,838,972
int_multiplication_hash,839,963
int_multiplication_hash,840,1013
int_multiplication_hash,841,1059
int_multiplication_hash,842,1071
int_multiplication_hash,843,1007
int_multiplication_hash,844,942
int_multiplication_hash,845,1024
int_multiplication_hash,846,989
int_multiplication_hash,847,1004
int_multiplication_hash,848,1026
int_multiplication_hash,849,974
int_multiplication_hash,850,986
int_multiplication_hash,851,944
int_multiplication_hash,852,1043
int_multiplication_hash,853,1056
int_multiplication_hash,854,959
int_multiplication_hash,855,977
int_multiplication_hash,856,1045
int_multiplication_hash,857,1003
int_multiplication_hash,858,1035
int_multiplication_hash,859,1039
int_multiplication_hash,860,995
int_multiplication_hash,861,1036
int_multiplication_hash,862,1001
int_multiplication_hash,863,965
int_multiplication_hash,864,982
int_multiplication_hash,865,970
int_multiplication_hash,866,999
int_multiplication_hash,867,955
int_multiplication_hash,868,1067
int_multiplication_hash,869,950
int_multiplication_hash,870,1045
int_multiplication_hash,871,996
int_multiplication_hash,872,1051
int_multiplication_hash,873,1046
int_multiplication_hash,874,1020
int_multiplication_hash,875,977
int_multiplication_hash,876,993
int_multiplication_hash,877,971
int_multiplication_hash,878,991
int_multiplication_hash,879,1005
int_multiplication_hash,880,936
int_multiplication_hash,881,976
int_multiplication_hash,882,974
int_multiplication_hash,883,1040
int_multiplication_hash,884,998
int_multiplication_hash,885,1053
int_multiplication_hash,886,1009
int_multiplication_hash,887,1039
int_multiplication_hash,888,1019
int_multiplication_hash,889,984
int_multiplication_hash,890,973
int_multiplication_hash,891,991
int_multiplication_hash,892,1086
int_multiplication_hash,893,1000
int_multiplication_hash,894,1047
int_multiplication_hash,895,1033
int_multiplication_hash,896,1009
int_multiplication_hash,897,985
int_multiplication_hash,898,982
int_multiplication_hash,899,1017
int_multiplication_hash,900,962
int_multiplication_hash,901,991
int_multiplication_hash,902,1005
int_multiplication_hash,903,984
int_multiplication_hash,904,1002
int_multiplication_hash,905,991
int_multiplication_hash,906,965
int_multiplication_hash,907,1032
int_multiplication_hash,908,988
int_multiplication_hash,909,1064
int_multiplication_hash,910,991
int_multiplication_hash,911,1032
int_multiplication_hash,912,1040
int_multiplication_hash,913,975
int_multiplication_hash,914,1051
int_multiplication_hash,915,1035
int_multiplication_hash,916,1007
int_multiplication_hash,917,968
int_multiplication_hash,918,1024
int_multiplication_hash,919,980
int_multiplication_hash,920,971
int_multiplication_hash,921,984
int_multiplication_hash,922,1044
int_multiplication_hash,923,992
int_multiplication_hash,924,990
int_multiplication_hash,925,972
int_multiplication_hash,926,1001
int_multiplication_hash,927,998
int_multiplication_hash,928,1071
int_multiplication_hash,929,1009
int_multiplication_hash,930,964
int_multiplication_hash,931,951
int_multiplication_hash,932,1015
int_multiplication_hash,933,1010
int_multiplication_hash,934,998
int_multiplication_hash,935,975
int_multiplication_hash,936,928
int_multiplication_hash,937,1060
int_multiplication_hash,938,980
int_multiplication_hash,939,1006
int_multiplication_hash,940,996
int_multiplication_hash,941,972
int_multiplication_hash,942,999
int_multiplication_hash,943,1041
int_multiplication_hash,944,1014
int_multiplication_hash,945,989
int_multiplication_hash,946,1004
int_multiplication_hash,947,934
int_multiplication_hash,948,976
int_multiplication_hash,949,1007
int_multiplication_hash,950,950
int_multiplication_hash,951,1020
int_multiplication_hash,952,1009
int_multiplication_hash,953,961
int_multiplication_hash,954,995
int_multiplication_hash,955,926
int_multiplication_hash,956,966
int_multiplication_hash,957,984
int_multiplication_hash,958,943
int_multiplication_hash,959,979
int_multiplication_hash,960,1060
int_multiplication_hash,961,987
int_multiplication_hash,962,955
int_multiplication_hash,963,961
int_multiplication_hash,964,989
int_multiplication_hash,965,983
int_multiplication_hash,966,1006
int_multiplication_hash,967,1026
int_multiplication_hash,968,980
int_multiplication_hash,969,998
int_multiplication_hash,970,1016
int_multiplication_hash,971,985
int_multiplication_hash,972,929
int_multiplication_hash,973,976
int_multiplication_hash,974,1026
int_multiplication_hash,975,1018
int_multiplication_hash,976,966
int_multiplication_hash,977,1027
int_multiplication_hash,978,993
int_multiplication_hash,979,986
int_multiplication_hash,980,1009
int_multiplication_hash,981,993
int_multiplication_hash,982,1020
int_multiplication_hash,983,1014
int_multiplication_hash,984,1015
int_multiplication_hash,985,1020
int_multiplication_hash,986,1048
int_multiplication_hash,987,1006
int_multiplication_hash,988,1028
int_multiplication_hash,989,994
int_multiplication_hash,990,999
int_multiplication_hash,991,1072
int_multiplication_hash,992,1045
int_multiplication_hash,993,965
int_multiplication_hash,994,980
int_multiplication_hash,995,985
int_multiplication_hash,996,999
int_multiplication_hash,997,936
int_multiplication_hash,998,957
int_multiplication_hash,999,1008
