int_remainder_hash,117.902000
int_bit_hash,134.818000
int_miltiplication_hash,1617.218000
int_remainder_hash,0,961
int_remainder_hash,1,960
int_remainder_hash,2,956
int_remainder_hash,3,1018
int_remainder_hash,4,958
int_remainder_hash,5,944
int_remainder_hash,6,985
int_remainder_hash,7,1054
int_remainder_hash,8,1018
int_remainder_hash,9,1007
int_remainder_hash,10,958
int_remainder_hash,11,971
int_remainder_hash,12,986
int_remainder_hash,13,968
int_remainder_hash,14,1002
int_remainder_hash,15,1027
int_remainder_hash,16,1014
int_remainder_hash,17,997
int_remainder_hash,18,1010
int_remainder_hash,19,1035
int_remainder_hash,20,1007
int_remainder_hash,21,1004
int_remainder_hash,22,1026
int_remainder_hash,23,985
int_remainder_hash,24,1033
int_remainder_hash,25,1034
int_remainder_hash,26,953
int_remainder_hash,27,1020
int_remainder_hash,28,967
int_remainder_hash,29,1017
int_remainder_hash,30,990
int_remainder_hash,31,997
int_remainder_hash,32,1020
int_remainder_hash,33,980
int_remainder_hash,34,943
int_remainder_hash,35,991
int_remainder_hash,36,1033
int_remainder_hash,37,987
int_remainder_hash,38,938
int_remainder_hash,39,979
int_remainder_hash,40,1032
int_remainder_hash,41,1007
int_remainder_hash,42,1016
int_remainder_hash,43,1068
int_remainder_hash,44,1009
int_remainder_hash,45,1008
int_remainder_hash,46,1039
int_remainder_hash,47,994
int_remainder_hash,48,1039
int_remainder_hash,49,1020
int_remainder_hash,50,973
int_remainder_hash,51,966
int_remainder_hash,52,1042
int_remainder_hash,53,998
int_remainder_hash,54,999
int_remainder_hash,55,981
int_remainder_hash,56,1005
int_remainder_hash,57,1030
int_remainder_hash,58,1085
int_remainder_hash,59,987
int_remainder_hash,60,1012
int_remainder_hash,61,1010
int_remainder_hash,62,1021
int_remainder_hash,63,957
int_remainder_hash,64,1034
int_remainder_hash,65,961
int_remainder_hash,66,973
int_remainder_hash,67,977
int_remainder_hash,68,1020
int_remainder_hash,69,1023
int_remainder_hash,70,1024
int_remainder_hash,71,1054
int_remainder_hash,72,961
int_remainder_hash,73,973
int_remainder_hash,74,1021
int_remainder_hash,75,980
int_remainder_hash,76,1044
int_remainder_hash,77,1012
int_remainder_hash,78,976
int_remainder_hash,79,1009
int_remainder_hash,80,1074
int_remainder_hash,81,999
int_remainder_hash,82,966
int_remainder_hash,83,995
int_remainder_hash,84,1043
int_remainder_hash,85,1060
int_remainder_hash,86,1041
int_remainder_hash,87,967
int_remainder_hash,88,901
int_remainder_hash,89,996
int_remainder_hash,90,1025
int_remainder_hash,91,1045
int_remainder_hash,92,1013
int_remainder_hash,93,1030
int_remainder_hash,94,923
int_remainder_hash,95,1038
int_remainder_hash,96,942
int_remainder_hash,97,996
int_remainder_hash,98,1020
int_remainder_hash,99,1035
int_remainder_hash,100,1003
int_remainder_hash,101,982
int_remainder_hash,102,982
int_remainder_hash,103,934
int_remainder_hash,104,971
int_remainder_hash,105,978
int_remainder_hash,106,989
int_remainder_hash,107,955
int_remainder_hash,108,937
int_remainder_hash,109,1016
int_remainder_hash,110,1045
int_remainder_hash,111,982
int_remainder_hash,112,1018
int_remainder_hash,113,1028
int_remainder_hash,114,1049
int_remainder_hash,115,1012
int_remainder_hash,116,974
int_remainder_hash,117,1014
int_remainder_hash,118,998
int_remainder_hash,119,1026
int_remainder_hash,120,1051
int_remainder_hash,121,978
int_remainder_hash,122,970
int_remainder_hash,123,988
int_remainder_hash,124,1014
int_remainder_hash,125,995
int_remainder_hash,126,1024
int_remainder_hash,127,972
int_remainder_hash,128,985
int_remainder_hash,129,1026
int_remainder_hash,130,948
int_remainder_hash,131,1053
int_remainder_hash,132,1001
int_remainder_hash,133,1062
int_remainder_hash,134,984
int_remainder_hash,135,958
int_remainder_hash,136,968
int_remainder_hash,137,996
int_remainder_hash,138,1056
int_remainder_hash,139,945
int_remainder_hash,140,1035
int_remainder_hash,141,969
int_remainder_hash,142,1019
int_remainder_hash,143,973
int_remainder_hash,144,989
int_remainder_hash,145,1033
int_remainder_hash,146,985
int_remainder_hash,147,981
int_remainder_hash,148,1001
int_remainder_hash,149,1008
int_remainder_hash,150,1018
int_remainder_hash,151,966
int_remainder_hash,152,979
int_remainder_hash,153,988
int_remainder_hash,154,1030
int_remainder_hash,155,1014
int_remainder_hash,156,960
int_remainder_hash,157,1052
int_remainder_hash,158,976
int_remainder_hash,159,998
int_remainder_hash,160,1026
int_remainder_hash,161,1023
int_remainder_hash,162,1005
int_remainder_hash,163,975
int_remainder_hash,164,955
int_remainder_hash,165,944
int_remainder_hash,166,967
int_remainder_hash,167,982
int_remainder_hash,168,1047
int_remainder_hash,169,923
int_remainder_hash,170,957
int_remainder_hash,171,1039
int_remainder_hash,172,1035
int_remainder_hash,173,977
int_remainder_hash,174,993
int_remainder_hash,175,998
int_remainder_hash,176,1013
int_remainder_hash,177,961
int_remainder_hash,178,1085
int_remainder_hash,179,1037
int_remainder_hash,180,953
int_remainder_hash,181,1009
int_remainder_hash,182,1041
int_remainder_hash,183,987
int_remainder_hash,184,975
int_remainder_hash,185,1059
int_remainder_hash,186,991
int_remainder_hash,187,963
int_remainder_hash,188,1020
int_remainder_hash,189,987
int_remainder_hash,190,1038
int_remainder_hash,191,988
int_remainder_hash,192,987
int_remainder_hash,193,975
int_remainder_hash,194,990
int_remainder_hash,195,988
int_remainder_hash,196,1012
int_remainder_hash,197,963
int_remainder_hash,198,1058
int_remainder_hash,199,931
int_remainder_hash,200,991
int_remainder_hash,201,1037
int_remainder_hash,202,1016
int_remainder_hash,203,955
int_remainder_hash,204,1026
int_remainder_hash,205,1003
int_remainder_hash,206,1050
int_remainder_hash,207,1041
int_remainder_hash,208,977
int_remainder_hash,209,1022
int_remainder_hash,210,1018
int_remainder_hash,211,1008
int_remainder_hash,212,1015
int_remainder_hash,213,1042
int_remainder_hash,214,989
int_remainder_hash,215,979
int_remainder_hash,216,936
int_remainder_hash,217,1038
int_remainder_hash,218,1017
int_remainder_hash,219,980
int_remainder_hash,220,1056
int_remainder_hash,221,1012
int_remainder_hash,222,1014
int_remainder_hash,223,1055
int_remainder_hash,224,1007
int_remainder_hash,225,1041
int_remainder_hash,226,930
int_remainder_hash,227,983
int_remainder_hash,228,992
int_remainder_hash,229,1028
int_remainder_hash,230,1010
int_remainder_hash,231,998
int_remainder_hash,232,1029
int_remainder_hash,233,1009
int_remainder_hash,234,1059
int_remainder_hash,235,991
int_remainder_hash,236,981
int_remainder_hash,237,1019
int_remainder_hash,238,1078
int_remainder_hash,239,1007
int_remainder_hash,240,964
int_remainder_hash,241,949
int_remainder_hash,242,985
int_remainder_hash,243,1019
int_remainder_hash,244,951
int_remainder_hash,245,1002
int_remainder_hash,246,967
int_remainder_hash,247,939
int_remainder_hash,248,971
int_remainder_hash,249,995
int_remainder_hash,250,1023
int_remainder_hash,251,942
int_remainder_hash,252,1041
int_remainder_hash,253,1005
int_remainder_hash,254,1007
int_remainder_hash,255,993
int_remainder_hash,256,1019
int_remainder_hash,257,1050
int_remainder_hash,258,1004
int_remainder_hash,259,986
int_remainder_hash,260,1061
int_remainder_hash,261,1064
int_remainder_hash,262,993
int_remainder_hash,263,998
int_remainder_hash,264,1011
int_remainder_hash,265,974
int_remainder_hash,266,992
int_remainder_hash,267,1002
int_remainder_hash,268,1008
int_remainder_hash,269,1019
int_remainder_hash,270,955
int_remainder_hash,271,999
int_remainder_hash,272,996
int_remainder_hash,273,992
int_remainder_hash,274,1053
int_remainder_hash,275,1021
int_remainder_hash,276,966
int_remainder_hash,277,979
int_remainder_hash,278,980
int_remainder_hash,279,1022
int_remainder_hash,280,1044
int_remainder_hash,281,950
int_remainder_hash,282,996
int_remainder_hash,283,996
int_remainder_hash,284,1004
int_remainder_hash,285,969
int_remainder_hash,286,1001
int_remainder_hash,287,941
int_remainder_hash,288,1001
int_remainder_hash,289,985
int_remainder_hash,290,1030
int_remainder_hash,291,989
int_remainder_hash,292,992
int_remainder_hash,293,1014
int_remainder_hash,294,990
int_remainder_hash,295,1028
int_remainder_hash,296,996
int_remainder_hash,297,1035
int_remainder_hash,298,998
int_remainder_hash,299,1034
int_remainder_hash,300,991
int_remainder_hash,301,945
int_remainder_hash,302,1000
int_remainder_hash,303,996
int_remainder_hash,304,983
int_remainder_hash,305,988
int_remainder_hash,306,1024
int_remainder_hash,307,1024
int_remainder_hash,308,968
int_remainder_hash,309,1009
int_remainder_hash,310,945
int_remainder_hash,311,1008
int_remainder_hash,312,1031
int_remainder_hash,313,980
int_remainder_hash,314,1038
int_remainder_hash,315,973
int_remainder_hash,316,994
int_remainder_hash,317,1055
int_remainder_hash,318,1007
int_remainder_hash,319,993
int_remainder_hash,320,1049
int_remainder_hash,321,1041
int_remainder_hash,322,1027
int_remainder_hash,323,977
int_remainder_hash,324,971
int_remainder_hash,325,1008
int_remainder_hash,326,1006
int_remainder_hash,327,989
int_remainder_hash,328,1034
int_remainder_hash,329,1057
int_remainder_hash,330,970
int_remainder_hash,331,990
int_remainder_hash,332,980
int_remainder_hash,333,1000
int_remainder_hash,334,980
int_remainder_hash,335,1025
int_remainder_hash,336,996
int_remainder_hash,337,1052
int_remainder_hash,338,1021
int_remainder_hash,339,1058
int_remainder_hash,340,1034
int_remainder_hash,341,998
int_remainder_hash,342,983
int_remainder_hash,343,993
int_remainder_hash,344,1002
int_remainder_hash,345,996
int_remainder_hash,346,1048
int_remainder_hash,347,1020
int_remainder_hash,348,1007
int_remainder_hash,349,984
int_remainder_hash,350,988
int_remainder_hash,351,960
int_remainder_hash,352,1007
int_remainder_hash,353,1019
int_remainder_hash,354,971
int_remainder_hash,355,960
int_remainder_hash,356,1015
int_remainder_hash,357,994
int_remainder_hash,358,980
int_remainder_hash,359,982
int_remainder_hash,360,955
int_remainder_hash,361,976
int_remainder_hash,362,989
int_remainder_hash,363,984
int_remainder_hash,364,1015
int_remainder_hash,365,1015
int_remainder_hash,366,1012
int_remainder_hash,367,1036
int_remainder_hash,368,997
int_remainder_hash,369,986
int_remainder_hash,370,1013
int_remainder_hash,371,980
int_remainder_hash,372,991
int_remainder_hash,373,1002
int_remainder_hash,374,1014
int_remainder_hash,375,1022
int_remainder_hash,376,1008
int_remainder_hash,377,944
int_remainder_hash,378,1013
int_remainder_hash,379,984
int_remainder_hash,380,984
int_remainder_hash,381,1002
int_remainder_hash,382,1045
int_remainder_hash,383,1001
int_remainder_hash,384,989
int_remainder_hash,385,987
int_remainder_hash,386,987
int_remainder_hash,387,973
int_remainder_hash,388,985
int_remainder_hash,389,1000
int_remainder_hash,390,953
int_remainder_hash,391,982
int_remainder_hash,392,996
int_remainder_hash,393,943
int_remainder_hash,394,988
int_remainder_hash,395,969
int_remainder_hash,396,1005
int_remainder_hash,397,988
int_remainder_hash,398,1022
int_remainder_hash,399,999
int_remainder_hash,400,972
int_remainder_hash,401,1082
int_remainder_hash,402,999
int_remainder_hash,403,939
int_remainder_hash,404,975
int_remainder_hash,405,1015
int_remainder_hash,406,1000
int_remainder_hash,407,955
int_remainder_hash,408,1008
int_remainder_hash,409,988
int_remainder_hash,410,1036
int_remainder_hash,411,977
int_remainder_hash,412,1053
int_remainder_hash,413,982
int_remainder_hash,414,1024
int_remainder_hash,415,996
int_remainder_hash,416,950
int_remainder_hash,417,999
int_remainder_hash,418,978
int_remainder_hash,419,1023
int_remainder_hash,420,940
int_remainder_hash,421,1040
int_remainder_hash,422,982
int_remainder_hash,423,1019
int_remainder_hash,424,1022
int_remainder_hash,425,988
int_remainder_hash,426,1005
int_remainder_hash,427,1039
int_remainder_hash,428,982
int_remainder_hash,429,950
int_remainder_hash,430,970
int_remainder_hash,431,949
int_remainder_hash,432,1011
int_remainder_hash,433,994
int_remainder_hash,434,1032
int_remainder_hash,435,998
int_remainder_hash,436,988
int_remainder_hash,437,953
int_remainder_hash,438,1002
int_remainder_hash,439,1060
int_remainder_hash,440,983
int_remainder_hash,441,975
int_remainder_hash,442,1028
int_remainder_hash,443,993
int_remainder_hash,444,986
int_remainder_hash,445,929
int_remainder_hash,446,999
int_remainder_hash,447,996
int_remainder_hash,448,1037
int_remainder_hash,449,1027
int_remainder_hash,450,1022
int_remainder_hash,451,979
int_remainder_hash,452,1002
int_remainder_hash,453,986
int_remainder_hash,454,935
int_remainder_hash,455,1045
int_remainder_hash,456,1014
int_remainder_hash,457,1068
int_remainder_hash,458,992
int_remainder_hash,459,1014
int_remainder_hash,460,972
int_remainder_hash,461,1026
int_remainder_hash,462,1019
int_remainder_hash,463,1016
int_remainder_hash,464,1016
int_remainder_hash,465,998
int_remainder_hash,466,974
int_remainder_hash,467,957
int_remainder_hash,468,1032
int_remainder_hash,469,1069
int_remainder_hash,470,931
int_remainder_hash,471,972
int_remainder_hash,472,1023
int_remainder_hash,473,999
int_remainder_hash,474,999
int_remainder_hash,475,973
int_remainder_hash,476,978
int_remainder_hash,477,1038
int_remainder_hash,478,973
int_remainder_hash,479,1034
int_remainder_hash,480,1034
int_remainder_hash,481,1002
int_remainder_hash,482,1015
int_remainder_hash,483,1001
int_remainder_hash,484,1001
int_remainder_hash,485,1030
int_remainder_hash,486,1008
int_remainder_hash,487,998
int_remainder_hash,488,1003
int_remainder_hash,489,1023
int_remainder_hash,490,1005
int_remainder_hash,491,1034
int_remainder_hash,492,989
int_remainder_hash,493,989
int_remainder_hash,494,1003
int_remainder_hash,495,1004
int_remainder_hash,496,1013
int_remainder_hash,497,1003
int_remainder_hash,498,1029
int_remainder_hash,499,987
int_remainder_hash,500,1015
int_remainder_hash,501,961
int_remainder_hash,502,997
int_remainder_hash,503,1015
int_remainder_hash,504,955
int_remainder_hash,505,965
int_remainder_hash,506,958
int_remainder_hash,507,1039
int_remainder_hash,508,976
int_remainder_hash,509,977
int_remainder_hash,510,989
int_remainder_hash,511,1067
int_remainder_hash,512,991
int_remainder_hash,513,1027
int_remainder_hash,514,963
int_remainder_hash,515,1065
int_remainder_hash,516,993
int_remainder_hash,517,967
int_remainder_hash,518,994
int_remainder_hash,519,1022
int_remainder_hash,520,1039
int_remainder_hash,521,1016
int_remainder_hash,522,1003
int_remainder_hash,523,1016
int_remainder_hash,524,1027
int_remainder_hash,525,983
int_remainder_hash,526,1005
int_remainder_hash,527,988
int_remainder_hash,528,997
int_remainder_hash,529,977
int_remainder_hash,530,1041
int_remainder_hash,531,956
int_remainder_hash,532,995
int_remainder_hash,533,972
int_remainder_hash,534,991
int_remainder_hash,535,1023
int_remainder_hash,536,996
int_remainder_hash,537,1009
int_remainder_hash,538,1059
int_remainder_hash,539,998
int_remainder_hash,540,949
int_remainder_hash,541,960
int_remainder_hash,542,1033
int_remainder_hash,543,988
int_remainder_hash,544,961
int_remainder_hash,545,1005
int_remainder_hash,546,1029
int_remainder_hash,547,1033
int_remainder_hash,548,1042
int_remainder_hash,549,957
int_remainder_hash,550,977
int_remainder_hash,551,982
int_remainder_hash,552,960
int_remainder_hash,553,1026
int_remainder_hash,554,1024
int_remainder_hash,555,998
int_remainder_hash,556,1026
int_remainder_hash,557,1033
int_remainder_hash,558,965
int_remainder_hash,559,1023
int_remainder_hash,560,999
int_remainder_hash,561,1022
int_remainder_hash,562,963
int_remainder_hash,563,933
int_remainder_hash,564,1025
int_remainder_hash,565,987
int_remainder_hash,566,960
int_remainder_hash,567,1004
int_remainder_hash,568,1009
int_remainder_hash,569,1027
int_remainder_hash,570,1063
int_remainder_hash,571,1014
int_remainder_hash,572,1028
int_remainder_hash,573,1096
int_remainder_hash,574,994
int_remainder_hash,575,997
int_remainder_hash,576,1046
int_remainder_hash,577,1024
int_remainder_hash,578,976
int_remainder_hash,579,1061
int_remainder_hash,580,1019
int_remainder_hash,581,995
int_remainder_hash,582,1007
int_remainder_hash,583,1036
int_remainder_hash,584,1012
int_remainder_hash,585,996
int_remainder_hash,586,965
int_remainder_hash,587,990
int_remainder_hash,588,979
int_remainder_hash,589,982
int_remainder_hash,590,959
int_remainder_hash,591,1036
int_remainder_hash,592,989
int_remainder_hash,593,1024
int_remainder_hash,594,992
int_remainder_hash,595,1015
int_remainder_hash,596,1001
int_remainder_hash,597,1042
int_remainder_hash,598,1015
int_remainder_hash,599,1018
int_remainder_hash,600,953
int_remainder_hash,601,1004
int_remainder_hash,602,977
int_remainder_hash,603,1034
int_remainder_hash,604,1016
int_remainder_hash,605,958
int_remainder_hash,606,1053
int_remainder_hash,607,1027
int_remainder_hash,608,989
int_remainder_hash,609,1004
int_remainder_hash,610,984
int_remainder_hash,611,940
int_remainder_hash,612,996
int_remainder_hash,613,1000
int_remainder_hash,614,1027
int_remainder_hash,615,988
int_remainder_hash,616,1020
int_remainder_hash,617,935
int_remainder_hash,618,1040
int_remainder_hash,619,1010
int_remainder_hash,620,1027
int_remainder_hash,621,1036
int_remainder_hash,622,953
int_remainder_hash,623,946
int_remainder_hash,624,974
int_remainder_hash,625,1029
int_remainder_hash,626,901
int_remainder_hash,627,1015
int_remainder_hash,628,1020
int_remainder_hash,629,1001
int_remainder_hash,630,1038
int_remainder_hash,631,937
int_remainder_hash,632,1006
int_remainder_hash,633,1002
int_remainder_hash,634,976
int_remainder_hash,635,983
int_remainder_hash,636,931
int_remainder_hash,637,1001
int_remainder_hash,638,987
int_remainder_hash,639,1018
int_remainder_hash,640,966
int_remainder_hash,641,988
int_remainder_hash,642,976
int_remainder_hash,643,959
int_remainder_hash,644,1031
int_remainder_hash,645,1032
int_remainder_hash,646,1047
int_remainder_hash,647,1043
int_remainder_hash,648,997
int_remainder_hash,649,993
int_remainder_hash,650,1012
int_remainder_hash,651,1009
int_remainder_hash,652,967
int_remainder_hash,653,941
int_remainder_hash,654,999
int_remainder_hash,655,986
int_remainder_hash,656,1016
int_remainder_hash,657,1014
int_remainder_hash,658,1014
int_remainder_hash,659,980
int_remainder_hash,660,996
int_remainder_hash,661,982
int_remainder_hash,662,977
int_remainder_hash,663,1032
int_remainder_hash,664,989
int_remainder_hash,665,979
int_remainder_hash,666,959
int_remainder_hash,667,997
int_remainder_hash,668,1032
int_remainder_hash,669,950
int_remainder_hash,670,977
int_remainder_hash,671,936
int_remainder_hash,672,1019
int_remainder_hash,673,1019
int_remainder_hash,674,1012
int_remainder_hash,675,1010
int_remainder_hash,676,949
int_remainder_hash,677,1021
int_remainder_hash,678,988
int_remainder_hash,679,1062
int_remainder_hash,680,964
int_remainder_hash,681,1001
int_remainder_hash,682,977
int_remainder_hash,683,1061
int_remainder_hash,684,1004
int_remainder_hash,685,952
int_remainder_hash,686,971
int_remainder_hash,687,990
int_remainder_hash,688,942
int_remainder_hash,689,983
int_remainder_hash,690,989
int_remainder_hash,691,1048
int_remainder_hash,692,1035
int_remainder_hash,693,1007
int_remainder_hash,694,988
int_remainder_hash,695,979
int_remainder_hash,696,994
int_remainder_hash,697,1005
int_remainder_hash,698,1001
int_remainder_hash,699,978
int_remainder_hash,700,1067
int_remainder_hash,701,1044
int_remainder_hash,702,992
int_remainder_hash,703,1011
int_remainder_hash,704,1060
int_remainder_hash,705,1055
int_remainder_hash,706,1023
int_remainder_hash,707,1036
int_remainder_hash,708,1028
int_remainder_hash,709,976
int_remainder_hash,710,963
int_remainder_hash,711,955
int_remainder_hash,712,966
int_remainder_hash,713,976
int_remainder_hash,714,1010
int_remainder_hash,715,966
int_remainder_hash,716,1036
int_remainder_hash,717,998
int_remainder_hash,718,969
int_remainder_hash,719,949
int_remainder_hash,720,992
int_remainder_hash,721,1011
int_remainder_hash,722,1035
int_remainder_hash,723,975
int_remainder_hash,724,909
int_remainder_hash,725,990
int_remainder_hash,726,985
int_remainder_hash,727,986
int_remainder_hash,728,1009
int_remainder_hash,729,1029
int_remainder_hash,730,966
int_remainder_hash,731,1033
int_remainder_hash,732,1000
int_remainder_hash,733,1058
int_remainder_hash,734,1033
int_remainder_hash,735,1040
int_remainder_hash,736,967
int_remainder_hash,737,1042
int_remainder_hash,738,1004
int_remainder_hash,739,1014
int_remainder_hash,740,988
int_remainder_hash,741,1071
int_remainder_hash,742,1027
int_remainder_hash,743,1029
int_remainder_hash,744,1002
int_remainder_hash,745,1021
int_remainder_hash,746,980
int_remainder_hash,747,979
int_remainder_hash,748,1043
int_remainder_hash,749,987
int_remainder_hash,750,970
int_remainder_hash,751,1012
int_remainder_hash,752,997
int_remainder_hash,753,974
int_remainder_hash,754,1003
int_remainder_hash,755,1004
int_remainder_hash,756,1046
int_remainder_hash,757,1024
int_remainder_hash,758,1000
int_remainder_hash,759,1060
int_remainder_hash,760,1008
int_remainder_hash,761,1005
int_remainder_hash,762,1066
int_remainder_hash,763,1010
int_remainder_hash,764,966
int_remainder_hash,765,965
int_remainder_hash,766,1056
int_remainder_hash,767,1066
int_remainder_hash,768,1024
int_remainder_hash,769,1048
int_remainder_hash,770,1027
int_remainder_hash,771,1022
int_remainder_hash,772,1024
int_remainder_hash,773,969
int_remainder_hash,774,1064
int_remainder_hash,775,1032
int_remainder_hash,776,980
int_remainder_hash,777,1018
int_remainder_hash,778,981
int_remainder_hash,779,962
int_remainder_hash,780,949
int_remainder_hash,781,990
int_remainder_hash,782,1015
int_remainder_hash,783,974
int_remainder_hash,784,1049
int_remainder_hash,785,961
int_remainder_hash,786,976
int_remainder_hash,787,1015
int_remainder_hash,788,945
int_remainder_hash,789,999
int_remainder_hash,790,1062
int_remainder_hash,791,971
int_remainder_hash,792,1011
int_remainder_hash,793,1079
int_remainder_hash,794,1037
int_remainder_hash,795,1020
int_remainder_hash,796,1021
int_remainder_hash,797,996
int_remainder_hash,798,970
int_remainder_hash,799,990
int_remainder_hash,800,957
int_remainder_hash,801,1029
int_remainder_hash,802,1000
int_remainder_hash,803,1002
int_remainder_hash,804,1061
int_remainder_hash,805,1041
int_remainder_hash,806,976
int_remainder_hash,807,921
int_remainder_hash,808,1040
int_remainder_hash,809,951
int_remainder_hash,810,1012
int_remainder_hash,811,1010
int_remainder_hash,812,1035
int_remainder_hash,813,1032
int_remainder_hash,814,972
int_remainder_hash,815,1043
int_remainder_hash,816,1015
int_remainder_hash,817,970
int_remainder_hash,818,1054
int_remainder_hash,819,997
int_remainder_hash,820,1012
int_remainder_hash,821,928
int_remainder_hash,822,1005
int_remainder_hash,823,1002
int_remainder_hash,824,1016
int_remainder_hash,825,1000
int_remainder_hash,826,1020
int_remainder_hash,827,1034
int_remainder_hash,828,1000
int_remainder_hash,829,997
int_remainder_hash,830,984
int_remainder_hash,831,998
int_remainder_hash,832,1003
int_remainder_hash,833,976
int_remainder_hash,834,944
int_remainder_hash,835,970
int_remainder_hash,836,1044
int_remainder_hash,837,1048
int_remainder_hash,838,1012
int_remainder_hash,839,983
int_remainder_hash,840,975
int_remainder_hash,841,932
int_remainder_hash,842,993
int_remainder_hash,843,992
int_remainder_hash,844,1020
int_remainder_hash,845,1026
int_remainder_hash,846,1010
int_remainder_hash,847,951
int_remainder_hash,848,951
int_remainder_hash,849,955
int_remainder_hash,850,1009
int_remainder_hash,851,1009
int_remainder_hash,852,1003
int_remainder_hash,853,988
int_remainder_hash,854,1008
int_remainder_hash,855,981
int_remainder_hash,856,968
int_remainder_hash,857,1031
int_remainder_hash,858,997
int_remainder_hash,859,973
int_remainder_hash,860,1058
int_remainder_hash,861,1009
int_remainder_hash,862,981
int_remainder_hash,863,1007
int_remainder_hash,864,911
int_remainder_hash,865,1024
int_remainder_hash,866,1059
int_remainder_hash,867,1007
int_remainder_hash,868,996
int_remainder_hash,869,1066
int_remainder_hash,870,985
int_remainder_hash,871,958
int_remainder_hash,872,984
int_remainder_hash,873,997
int_remainder_hash,874,977
int_remainder_hash,875,975
int_remainder_hash,876,973
int_remainder_hash,877,1011
int_remainder_hash,878,984
int_remainder_hash,879,1032
int_remainder_hash,880,991
int_remainder_hash,881,1000
int_remainder_hash,882,1008
int_remainder_hash,883,968
int_remainder_hash,884,1019
int_remainder_hash,885,1013
int_remainder_hash,886,1012
int_remainder_hash,887,980
int_remainder_hash,888,984
int_remainder_hash,889,968
int_remainder_hash,890,1049
int_remainder_hash,891,1028
int_remainder_hash,892,998
int_remainder_hash,893,929
int_remainder_hash,894,1052
int_remainder_hash,895,963
int_remainder_hash,896,1018
int_remainder_hash,897,1026
int_remainder_hash,898,997
int_remainder_hash,899,1013
int_remainder_hash,900,962
int_remainder_hash,901,980
int_remainder_hash,902,992
int_remainder_hash,903,996
int_remainder_hash,904,990
int_remainder_hash,905,997
int_remainder_hash,906,1021
int_remainder_hash,907,1002
int_remainder_hash,908,997
int_remainder_hash,909,959
int_remainder_hash,910,1011
int_remainder_hash,911,1017
int_remainder_hash,912,1030
int_remainder_hash,913,1018
int_remainder_hash,914,975
int_remainder_hash,915,984
int_remainder_hash,916,1000
int_remainder_hash,917,1024
int_remainder_hash,918,962
int_remainder_hash,919,935
int_remainder_hash,920,1032
int_remainder_hash,921,963
int_remainder_hash,922,1014
int_remainder_hash,923,959
int_remainder_hash,924,987
int_remainder_hash,925,1021
int_remainder_hash,926,951
int_remainder_hash,927,966
int_remainder_hash,928,998
int_remainder_hash,929,935
int_remainder_hash,930,1020
int_remainder_hash,931,1053
int_remainder_hash,932,999
int_remainder_hash,933,1017
int_remainder_hash,934,979
int_remainder_hash,935,1010
int_remainder_hash,936,973
int_remainder_hash,937,982
int_remainder_hash,938,966
int_remainder_hash,939,952
int_remainder_hash,940,986
int_remainder_hash,941,1011
int_remainder_hash,942,1045
int_remainder_hash,943,1013
int_remainder_hash,944,1003
int_remainder_hash,945,1016
int_remainder_hash,946,983
int_remainder_hash,947,1008
int_remainder_hash,948,1014
int_remainder_hash,949,1025
int_remainder_hash,950,1021
int_remainder_hash,951,1025
int_remainder_hash,952,1013
int_remainder_hash,953,1062
int_remainder_hash,954,992
int_remainder_hash,955,1014
int_remainder_hash,956,981
int_remainder_hash,957,986
int_remainder_hash,958,966
int_remainder_hash,959,982
int_remainder_hash,960,982
int_remainder_hash,961,911
int_remainder_hash,962,1031
int_remainder_hash,963,977
int_remainder_hash,964,992
int_remainder_hash,965,997
int_remainder_hash,966,988
int_remainder_hash,967,977
int_remainder_hash,968,961
int_remainder_hash,969,938
int_remainder_hash,970,970
int_remainder_hash,971,988
int_remainder_hash,972,1009
int_remainder_hash,973,968
int_remainder_hash,974,996
int_remainder_hash,975,978
int_remainder_hash,976,990
int_remainder_hash,977,993
int_remainder_hash,978,957
int_remainder_hash,979,944
int_remainder_hash,980,1038
int_remainder_hash,981,1022
int_remainder_hash,982,1009
int_remainder_hash,983,957
int_remainder_hash,984,984
int_remainder_hash,985,1033
int_remainder_hash,986,991
int_remainder_hash,987,1020
int_remainder_hash,988,969
int_remainder_hash,989,1023
int_remainder_hash,990,949
int_remainder_hash,991,1006
int_remainder_hash,992,984
int_remainder_hash,993,983
int_remainder_hash,994,981
int_remainder_hash,995,1013
int_remainder_hash,996,1031
int_remainder_hash,997,991
int_remainder_hash,998,1019
int_remainder_hash,999,972
int_bit_hash,0,961
int_bit_hash,1,960
int_bit_hash,2,956
int_bit_hash,3,1018
int_bit_hash,4,958
int_bit_hash,5,944
int_bit_hash,6,985
int_bit_hash,7,1054
int_bit_hash,8,1018
int_bit_hash,9,1007
int_bit_hash,10,958
int_bit_hash,11,971
int_bit_hash,12,986
int_bit_hash,13,968
int_bit_hash,14,1002
int_bit_hash,15,1027
int_bit_hash,16,1014
int_bit_hash,17,997
int_bit_hash,18,1010
int_bit_hash,19,1035
int_bit_hash,20,1007
int_bit_hash,21,1004
int_bit_hash,22,1026
int_bit_hash,23,985
int_bit_hash,24,1033
int_bit_hash,25,1034
int_bit_hash,26,953
int_bit_hash,27,1020
int_bit_hash,28,967
int_bit_hash,29,1017
int_bit_hash,30,990
int_bit_hash,31,997
int_bit_hash,32,1020
int_bit_hash,33,980
int_bit_hash,34,943
int_bit_hash,35,991
int_bit_hash,36,1033
int_bit_hash,37,987
int_bit_hash,38,938
int_bit_hash,39,979
int_bit_hash,40,1032
int_bit_hash,41,1007
int_bit_hash,42,1016
int_bit_hash,43,1068
int_bit_hash,44,1009
int_bit_hash,45,1008
int_bit_hash,46,1039
int_bit_hash,47,994
int_bit_hash,48,1039
int_bit_hash,49,1020
int_bit_hash,50,973
int_bit_hash,51,966
int_bit_hash,52,1042
int_bit_hash,53,998
int_bit_hash,54,999
int_bit_hash,55,981
int_bit_hash,56,1005
int_bit_hash,57,1030
int_bit_hash,58,1085
int_bit_hash,59,987
int_bit_hash,60,1012
int_bit_hash,61,1010
int_bit_hash,62,1021
int_bit_hash,63,957
int_bit_hash,64,1034
int_bit_hash,65,961
int_bit_hash,66,973
int_bit_hash,67,977
int_bit_hash,68,1020
int_bit_hash,69,1023
int_bit_hash,70,1024
int_bit_hash,71,1054
int_bit_hash,72,961
int_bit_hash,73,973
int_bit_hash,74,1021
int_bit_hash,75,980
int_bit_hash,76,1044
int_bit_hash,77,1012
int_bit_hash,78,976
int_bit_hash,79,1009
int_bit_hash,80,1074
int_bit_hash,81,999
int_bit_hash,82,966
int_bit_hash,83,995
int_bit_hash,84,1043
int_bit_hash,85,1060
int_bit_hash,86,1041
int_bit_hash,87,967
int_bit_hash,88,901
int_bit_hash,89,996
int_bit_hash,90,1025
int_bit_hash,91,1045
int_bit_hash,92,1013
int_bit_hash,93,1030
int_bit_hash,94,923
int_bit_hash,95,1038
int_bit_hash,96,942
int_bit_hash,97,996
int_bit_hash,98,1020
int_bit_hash,99,1035
int_bit_hash,100,1003
int_bit_hash,101,982
int_bit_hash,102,982
int_bit_hash,103,934
int_bit_hash,104,971
int_bit_hash,105,978
int_bit_hash,106,989
int_bit_hash,107,955
int_bit_hash,108,937
int_bit_hash,109,1016
int_bit_hash,110,1045
int_bit_hash,111,982
int_bit_hash,112,1018
int_bit_hash,113,1028
int_bit_hash,114,1049
int_bit_hash,115,1012
int_bit_hash,116,974
int_bit_hash,117,1014
int_bit_hash,118,998
int_bit_hash,119,1026
int_bit_hash,120,1051
int_bit_hash,121,978
int_bit_hash,122,970
int_bit_hash,123,988
int_bit_hash,124,1014
int_bit_hash,125,995
int_bit_hash,126,1024
int_bit_hash,127,972
int_bit_hash,128,985
int_bit_hash,129,1026
int_bit_hash,130,948
int_bit_hash,131,1053
int_bit_hash,132,1001
int_bit_hash,133,1062
int_bit_hash,134,984
int_bit_hash,135,958
int_bit_hash,136,968
int_bit_hash,137,996
int_bit_hash,138,1056
int_bit_hash,139,945
int_bit_hash,140,1035
int_bit_hash,141,969
int_bit_hash,142,1019
int_bit_hash,143,973
int_bit_hash,144,989
int_bit_hash,145,1033
int_bit_hash,146,985
int_bit_hash,147,981
int_bit_hash,148,1001
int_bit_hash,149,1008
int_bit_hash,150,1018
int_bit_hash,151,966
int_bit_hash,152,979
int_bit_hash,153,988
int_bit_hash,154,1030
int_bit_hash,155,1014
int_bit_hash,156,960
int_bit_hash,157,1052
int_bit_hash,158,976
int_bit_hash,159,998
int_bit_hash,160,1026
int_bit_hash,161,1023
int_bit_hash,162,1005
int_bit_hash,163,975
int_bit_hash,164,955
int_bit_hash,165,944
int_bit_hash,166,967
int_bit_hash,167,982
int_bit_hash,168,1047
int_bit_hash,169,923
int_bit_hash,170,957
int_bit_hash,171,1039
int_bit_hash,172,1035
int_bit_hash,173,977
int_bit_hash,174,993
int_bit_hash,175,998
int_bit_hash,176,1013
int_bit_hash,177,961
int_bit_hash,178,1085
int_bit_hash,179,1037
int_bit_hash,180,953
int_bit_hash,181,1009
int_bit_hash,182,1041
int_bit_hash,183,987
int_bit_hash,184,975
int_bit_hash,185,1059
int_bit_hash,186,991
int_bit_hash,187,963
int_bit_hash,188,1020
int_bit_hash,189,987
int_bit_hash,190,1038
int_bit_hash,191,988
int_bit_hash,192,987
int_bit_hash,193,975
int_bit_hash,194,990
int_bit_hash,195,988
int_bit_hash,196,1012
int_bit_hash,197,963
int_bit_hash,198,1058
int_bit_hash,199,931
int_bit_hash,200,991
int_bit_hash,201,1037
int_bit_hash,202,1016
int_bit_hash,203,955
int_bit_hash,204,1026
int_bit_hash,205,1003
int_bit_hash,206,1050
int_bit_hash,207,1041
int_bit_hash,208,977
int_bit_hash,209,1022
int_bit_hash,210,1018
int_bit_hash,211,1008
int_bit_hash,212,1015
int_bit_hash,213,1042
int_bit_hash,214,989
int_bit_hash,215,979
int_bit_hash,216,936
int_bit_hash,217,1038
int_bit_hash,218,1017
int_bit_hash,219,980
int_bit_hash,220,1056
int_bit_hash,221,1012
int_bit_hash,222,1014
int_bit_hash,223,1055
int_bit_hash,224,1007
int_bit_hash,225,1041
int_bit_hash,226,930
int_bit_hash,227,983
int_bit_hash,228,992
int_bit_hash,229,1028
int_bit_hash,230,1010
int_bit_hash,231,998
int_bit_hash,232,1029
int_bit_hash,233,1009
int_bit_hash,234,1059
int_bit_hash,235,991
int_bit_hash,236,981
int_bit_hash,237,1019
int_bit_hash,238,1078
int_bit_hash,239,1007
int_bit_hash,240,964
int_bit_hash,241,949
int_bit_hash,242,985
int_bit_hash,243,1019
int_bit_hash,244,951
int_bit_hash,245,1002
int_bit_hash,246,967
int_bit_hash,247,939
int_bit_hash,248,971
int_bit_hash,249,995
int_bit_hash,250,1023
int_bit_hash,251,942
int_bit_hash,252,1041
int_bit_hash,253,1005
int_bit_hash,254,1007
int_bit_hash,255,993
int_bit_hash,256,1019
int_bit_hash,257,1050
int_bit_hash,258,1004
int_bit_hash,259,986
int_bit_hash,260,1061
int_bit_hash,261,1064
int_bit_hash,262,993
int_bit_hash,263,998
int_bit_hash,264,1011
int_bit_hash,265,974
int_bit_hash,266,992
int_bit_hash,267,1002
int_bit_hash,268,1008
int_bit_hash,269,1019
int_bit_hash,270,955
int_bit_hash,271,999
int_bit_hash,272,996
int_bit_hash,273,992
int_bit_hash,274,1053
int_bit_hash,275,1021
int_bit_hash,276,966
int_bit_hash,277,979
int_bit_hash,278,980
int_bit_hash,279,1022
int_bit_hash,280,1044
int_bit_hash,281,950
int_bit_hash,282,996
int_bit_hash,283,996
int_bit_hash,284,1004
int_bit_hash,285,969
int_bit_hash,286,1001
int_bit_hash,287,941
int_bit_hash,288,1001
int_bit_hash,289,985
int_bit_hash,290,1030
int_bit_hash,291,989
int_bit_hash,292,992
int_bit_hash,293,1014
int_bit_hash,294,990
int_bit_hash,295,1028
int_bit_hash,296,996
int_bit_hash,297,1035
int_bit_hash,298,998
int_bit_hash,299,1034
int_bit_hash,300,991
int_bit_hash,301,945
int_bit_hash,302,1000
int_bit_hash,303,996
int_bit_hash,304,983
int_bit_hash,305,988
int_bit_hash,306,1024
int_bit_hash,307,1024
int_bit_hash,308,968
int_bit_hash,309,1009
int_bit_hash,310,945
int_bit_hash,311,1008
int_bit_hash,312,1031
int_bit_hash,313,980
int_bit_hash,314,1038
int_bit_hash,315,973
int_bit_hash,316,994
int_bit_hash,317,1055
int_bit_hash,318,1007
int_bit_hash,319,993
int_bit_hash,320,1049
int_bit_hash,321,1041
int_bit_hash,322,1027
int_bit_hash,323,977
int_bit_hash,324,971
int_bit_hash,325,1008
int_bit_hash,326,1006
int_bit_hash,327,989
int_bit_hash,328,1034
int_bit_hash,329,1057
int_bit_hash,330,970
int_bit_hash,331,990
int_bit_hash,332,980
int_bit_hash,333,1000
int_bit_hash,334,980
int_bit_hash,335,1025
int_bit_hash,336,996
int_bit_hash,337,1052
int_bit_hash,338,1021
int_bit_hash,339,1058
int_bit_hash,340,1034
int_bit_hash,341,998
int_bit_hash,342,983
int_bit_hash,343,993
int_bit_hash,344,1002
int_bit_hash,345,996
int_bit_hash,346,1048
int_bit_hash,347,1020
int_bit_hash,348,1007
int_bit_hash,349,984
int_bit_hash,350,988
int_bit_hash,351,960
int_bit_hash,352,1007
int_bit_hash,353,1019
int_bit_hash,354,971
int_bit_hash,355,960
int_bit_hash,356,1015
int_bit_hash,357,994
int_bit_hash,358,980
int_bit_hash,359,982
int_bit_hash,360,955
int_bit_hash,361,976
int_bit_hash,362,989
int_bit_hash,363,984
int_bit_hash,364,1015
int_bit_hash,365,1015
int_bit_hash,366,1012
int_bit_hash,367,1036
int_bit_hash,368,997
int_bit_hash,369,986
int_bit_hash,370,1013
int_bit_hash,371,980
int_bit_hash,372,991
int_bit_hash,373,1002
int_bit_hash,374,1014
int_bit_hash,375,1022
int_bit_hash,376,1008
int_bit_hash,377,944
int_bit_hash,378,1013
int_bit_hash,379,984
int_bit_hash,380,984
int_bit_hash,381,1002
int_bit_hash,382,1045
int_bit_hash,383,1001
int_bit_hash,384,989
int_bit_hash,385,987
int_bit_hash,386,987
int_bit_hash,387,973
int_bit_hash,388,985
int_bit_hash,389,1000
int_bit_hash,390,953
int_bit_hash,391,982
int_bit_hash,392,996
int_bit_hash,393,943
int_bit_hash,394,988
int_bit_hash,395,969
int_bit_hash,396,1005
int_bit_hash,397,988
int_bit_hash,398,1022
int_bit_hash,399,999
int_bit_hash,400,972
int_bit_hash,401,1082
int_bit_hash,402,999
int_bit_hash,403,939
int_bit_hash,404,975
int_bit_hash,405,1015
int_bit_hash,406,1000
int_bit_hash,407,955
int_bit_hash,408,1008
int_bit_hash,409,988
int_bit_hash,410,1036
int_bit_hash,411,977
int_bit_hash,412,1053
int_bit_hash,413,982
int_bit_hash,414,1024
int_bit_hash,415,996
int_bit_hash,416,950
int_bit_hash,417,999
int_bit_hash,418,978
int_bit_hash,419,1023
int_bit_hash,420,940
int_bit_hash,421,1040
int_bit_hash,422,982
int_bit_hash,423,1019
int_bit_hash,424,1022
int_bit_hash,425,988
int_bit_hash,426,1005
int_bit_hash,427,1039
int_bit_hash,428,982
int_bit_hash,429,950
int_bit_hash,430,970
int_bit_hash,431,949
int_bit_hash,432,1011
int_bit_hash,433,994
int_bit_hash,434,1032
int_bit_hash,435,998
int_bit_hash,436,988
int_bit_hash,437,953
int_bit_hash,438,1002
int_bit_hash,439,1060
int_bit_hash,440,983
int_bit_hash,441,975
int_bit_hash,442,1028
int_bit_hash,443,993
int_bit_hash,444,986
int_bit_hash,445,929
int_bit_hash,446,999
int_bit_hash,447,996
int_bit_hash,448,1037
int_bit_hash,449,1027
int_bit_hash,450,1022
int_bit_hash,451,979
int_bit_hash,452,1002
int_bit_hash,453,986
int_bit_hash,454,935
int_bit_hash,455,1045
int_bit_hash,456,1014
int_bit_hash,457,1068
int_bit_hash,458,992
int_bit_hash,459,1014
int_bit_hash,460,972
int_bit_hash,461,1026
int_bit_hash,462,1019
int_bit_hash,463,1016
int_bit_hash,464,1016
int_bit_hash,465,998
int_bit_hash,466,974
int_bit_hash,467,957
int_bit_hash,468,1032
int_bit_hash,469,1069
int_bit_hash,470,931
int_bit_hash,471,972
int_bit_hash,472,1023
int_bit_hash,473,999
int_bit_hash,474,999
int_bit_hash,475,973
int_bit_hash,476,978
int_bit_hash,477,1038
int_bit_hash,478,973
int_bit_hash,479,1034
int_bit_hash,480,1034
int_bit_hash,481,1002
int_bit_hash,482,1015
int_bit_hash,483,1001
int_bit_hash,484,1001
int_bit_hash,485,1030
int_bit_hash,486,1008
int_bit_hash,487,998
int_bit_hash,488,1003
int_bit_hash,489,1023
int_bit_hash,490,1005
int_bit_hash,491,1034
int_bit_hash,492,989
int_bit_hash,493,989
int_bit_hash,494,1003
int_bit_hash,495,1004
int_bit_hash,496,1013
int_bit_hash,497,1003
int_bit_hash,498,1029
int_bit_hash,499,987
int_bit_hash,500,1015
int_bit_hash,501,961
int_bit_hash,502,997
int_bit_hash,503,1015
int_bit_hash,504,955
int_bit_hash,505,965
int_bit_hash,506,958
int_bit_hash,507,1039
int_bit_hash,508,976
int_bit_hash,509,977
int_bit_hash,510,989
int_bit_hash,511,1067
int_bit_hash,512,991
int_bit_hash,513,1027
int_bit_hash,514,963
int_bit_hash,515,1065
int_bit_hash,516,993
int_bit_hash,517,967
int_bit_hash,518,994
int_bit_hash,519,1022
int_bit_hash,520,1039
int_bit_hash,521,1016
int_bit_hash,522,1003
int_bit_hash,523,1016
int_bit_hash,524,1027
int_bit_hash,525,983
int_bit_hash,526,1005
int_bit_hash,527,988
int_bit_hash,528,997
int_bit_hash,529,977
int_bit_hash,530,1041
int_bit_hash,531,956
int_bit_hash,532,995
int_bit_hash,533,972
int_bit_hash,534,991
int_bit_hash,535,1023
int_bit_hash,536,996
int_bit_hash,537,1009
int_bit_hash,538,1059
int_bit_hash,539,998
int_bit_hash,540,949
int_bit_hash,541,960
int_bit_hash,542,1033
int_bit_hash,543,988
int_bit_hash,544,961
int_bit_hash,545,1005
int_bit_hash,546,1029
int_bit_hash,547,1033
int_bit_hash,548,1042
int_bit_hash,549,957
int_bit_hash,550,977
int_bit_hash,551,982
int_bit_hash,552,960
int_bit_hash,553,1026
int_bit_hash,554,1024
int_bit_hash,555,998
int_bit_hash,556,1026
int_bit_hash,557,1033
int_bit_hash,558,965
int_bit_hash,559,1023
int_bit_hash,560,999
int_bit_hash,561,1022
int_bit_hash,562,963
int_bit_hash,563,933
int_bit_hash,564,1025
int_bit_hash,565,987
int_bit_hash,566,960
int_bit_hash,567,1004
int_bit_hash,568,1009
int_bit_hash,569,1027
int_bit_hash,570,1063
int_bit_hash,571,1014
int_bit_hash,572,1028
int_bit_hash,573,1096
int_bit_hash,574,994
int_bit_hash,575,997
int_bit_hash,576,1046
int_bit_hash,577,1024
int_bit_hash,578,976
int_bit_hash,579,1061
int_bit_hash,580,1019
int_bit_hash,581,995
int_bit_hash,582,1007
int_bit_hash,583,1036
int_bit_hash,584,1012
int_bit_hash,585,996
int_bit_hash,586,965
int_bit_hash,587,990
int_bit_hash,588,979
int_bit_hash,589,982
int_bit_hash,590,959
int_bit_hash,591,1036
int_bit_hash,592,989
int_bit_hash,593,1024
int_bit_hash,594,992
int_bit_hash,595,1015
int_bit_hash,596,1001
int_bit_hash,597,1042
int_bit_hash,598,1015
int_bit_hash,599,1018
int_bit_hash,600,953
int_bit_hash,601,1004
int_bit_hash,602,977
int_bit_hash,603,1034
int_bit_hash,604,1016
int_bit_hash,605,958
int_bit_hash,606,1053
int_bit_hash,607,1027
int_bit_hash,608,989
int_bit_hash,609,1004
int_bit_hash,610,984
int_bit_hash,611,940
int_bit_hash,612,996
int_bit_hash,613,1000
int_bit_hash,614,1027
int_bit_hash,615,988
int_bit_hash,616,1020
int_bit_hash,617,935
int_bit_hash,618,1040
int_bit_hash,619,1010
int_bit_hash,620,1027
int_bit_hash,621,1036
int_bit_hash,622,953
int_bit_hash,623,946
int_bit_hash,624,974
int_bit_hash,625,1029
int_bit_hash,626,901
int_bit_hash,627,1015
int_bit_hash,628,1020
int_bit_hash,629,1001
int_bit_hash,630,1038
int_bit_hash,631,937
int_bit_hash,632,1006
int_bit_hash,633,1002
int_bit_hash,634,976
int_bit_hash,635,983
int_bit_hash,636,931
int_bit_hash,637,1001
int_bit_hash,638,987
int_bit_hash,639,1018
int_bit_hash,640,966
int_bit_hash,641,988
int_bit_hash,642,976
int_bit_hash,643,959
int_bit_hash,644,1031
int_bit_hash,645,1032
int_bit_hash,646,1047
int_bit_hash,647,1043
int_bit_hash,648,997
int_bit_hash,649,993
int_bit_hash,650,1012
int_bit_hash,651,1009
int_bit_hash,652,967
int_bit_hash,653,941
int_bit_hash,654,999
int_bit_hash,655,986
int_bit_hash,656,1016
int_bit_hash,657,1014
int_bit_hash,658,1014
int_bit_hash,659,980
int_bit_hash,660,996
int_bit_hash,661,982
int_bit_hash,662,977
int_bit_hash,663,1032
int_bit_hash,664,989
int_bit_hash,665,979
int_bit_hash,666,959
int_bit_hash,667,997
int_bit_hash,668,1032
int_bit_hash,669,950
int_bit_hash,670,977
int_bit_hash,671,936
int_bit_hash,672,1019
int_bit_hash,673,1019
int_bit_hash,674,1012
int_bit_hash,675,1010
int_bit_hash,676,949
int_bit_hash,677,1021
int_bit_hash,678,988
int_bit_hash,679,1062
int_bit_hash,680,964
int_bit_hash,681,1001
int_bit_hash,682,977
int_bit_hash,683,1061
int_bit_hash,684,1004
int_bit_hash,685,952
int_bit_hash,686,971
int_bit_hash,687,990
int_bit_hash,688,942
int_bit_hash,689,983
int_bit_hash,690,989
int_bit_hash,691,1048
int_bit_hash,692,1035
int_bit_hash,693,1007
int_bit_hash,694,988
int_bit_hash,695,979
int_bit_hash,696,994
int_bit_hash,697,1005
int_bit_hash,698,1001
int_bit_hash,699,978
int_bit_hash,700,1067
int_bit_hash,701,1044
int_bit_hash,702,992
int_bit_hash,703,1011
int_bit_hash,704,1060
int_bit_hash,705,1055
int_bit_hash,706,1023
int_bit_hash,707,1036
int_bit_hash,708,1028
int_bit_hash,709,976
int_bit_hash,710,963
int_bit_hash,711,955
int_bit_hash,712,966
int_bit_hash,713,976
int_bit_hash,714,1010
int_bit_hash,715,966
int_bit_hash,716,1036
int_bit_hash,717,998
int_bit_hash,718,969
int_bit_hash,719,949
int_bit_hash,720,992
int_bit_hash,721,1011
int_bit_hash,722,1035
int_bit_hash,723,975
int_bit_hash,724,909
int_bit_hash,725,990
int_bit_hash,726,985
int_bit_hash,727,986
int_bit_hash,728,1009
int_bit_hash,729,1029
int_bit_hash,730,966
int_bit_hash,731,1033
int_bit_hash,732,1000
int_bit_hash,733,1058
int_bit_hash,734,1033
int_bit_hash,735,1040
int_bit_hash,736,967
int_bit_hash,737,1042
int_bit_hash,738,1004
int_bit_hash,739,1014
int_bit_hash,740,988
int_bit_hash,741,1071
int_bit_hash,742,1027
int_bit_hash,743,1029
int_bit_hash,744,1002
int_bit_hash,745,1021
int_bit_hash,746,980
int_bit_hash,747,979
int_bit_hash,748,1043
int_bit_hash,749,987
int_bit_hash,750,970
int_bit_hash,751,1012
int_bit_hash,752,997
int_bit_hash,753,974
int_bit_hash,754,1003
int_bit_hash,755,1004
int_bit_hash,756,1046
int_bit_hash,757,1024
int_bit_hash,758,1000
int_bit_hash,759,1060
int_bit_hash,760,1008
int_bit_hash,761,1005
int_bit_hash,762,1066
int_bit_hash,763,1010
int_bit_hash,764,966
int_bit_hash,765,965
int_bit_hash,766,1056
int_bit_hash,767,1066
int_bit_hash,768,1024
int_bit_hash,769,1048
int_bit_hash,770,1027
int_bit_hash,771,1022
int_bit_hash,772,1024
int_bit_hash,773,969
int_bit_hash,774,1064
int_bit_hash,775,1032
int_bit_hash,776,980
int_bit_hash,777,1018
int_bit_hash,778,981
int_bit_hash,779,962
int_bit_hash,780,949
int_bit_hash,781,990
int_bit_hash,782,1015
int_bit_hash,783,974
int_bit_hash,784,1049
int_bit_hash,785,961
int_bit_hash,786,976
int_bit_hash,787,1015
int_bit_hash,788,945
int_bit_hash,789,999
int_bit_hash,790,1062
int_bit_hash,791,971
int_bit_hash,792,1011
int_bit_hash,793,1079
int_bit_hash,794,1037
int_bit_hash,795,1020
int_bit_hash,796,1021
int_bit_hash,797,996
int_bit_hash,798,970
int_bit_hash,799,990
int_bit_hash,800,957
int_bit_hash,801,1029
int_bit_hash,802,1000
int_bit_hash,803,1002
int_bit_hash,804,1061
int_bit_hash,805,1041
int_bit_hash,806,976
int_bit_hash,807,921
int_bit_hash,808,1040
int_bit_hash,809,951
int_bit_hash,810,1012
int_bit_hash,811,1010
int_bit_hash,812,1035
int_bit_hash,813,1032
int_bit_hash,814,972
int_bit_hash,815,1043
int_bit_hash,816,1015
int_bit_hash,817,970
int_bit_hash,818,1054
int_bit_hash,819,997
int_bit_hash,820,1012
int_bit_hash,821,928
int_bit_hash,822,1005
int_bit_hash,823,1002
int_bit_hash,824,1016
int_bit_hash,825,1000
int_bit_hash,826,1020
int_bit_hash,827,1034
int_bit_hash,828,1000
int_bit_hash,829,997
int_bit_hash,830,984
int_bit_hash,831,998
int_bit_hash,832,1003
int_bit_hash,833,976
int_bit_hash,834,944
int_bit_hash,835,970
int_bit_hash,836,1044
int_bit_hash,837,1048
int_bit_hash,838,1012
int_bit_hash,839,983
int_bit_hash,840,975
int_bit_hash,841,932
int_bit_hash,842,993
int_bit_hash,843,992
int_bit_hash,844,1020
int_bit_hash,845,1026
int_bit_hash,846,1010
int_bit_hash,847,951
int_bit_hash,848,951
int_bit_hash,849,955
int_bit_hash,850,1009
int_bit_hash,851,1009
int_bit_hash,852,1003
int_bit_hash,853,988
int_bit_hash,854,1008
int_bit_hash,855,981
int_bit_hash,856,968
int_bit_hash,857,1031
int_bit_hash,858,997
int_bit_hash,859,973
int_bit_hash,860,1058
int_bit_hash,861,1009
int_bit_hash,862,981
int_bit_hash,863,1007
int_bit_hash,864,911
int_bit_hash,865,1024
int_bit_hash,866,1059
int_bit_hash,867,1007
int_bit_hash,868,996
int_bit_hash,869,1066
int_bit_hash,870,985
int_bit_hash,871,958
int_bit_hash,872,984
int_bit_hash,873,997
int_bit_hash,874,977
int_bit_hash,875,975
int_bit_hash,876,973
int_bit_hash,877,1011
int_bit_hash,878,984
int_bit_hash,879,1032
int_bit_hash,880,991
int_bit_hash,881,1000
int_bit_hash,882,1008
int_bit_hash,883,968
int_bit_hash,884,1019
int_bit_hash,885,1013
int_bit_hash,886,1012
int_bit_hash,887,980
int_bit_hash,888,984
int_bit_hash,889,968
int_bit_hash,890,1049
int_bit_hash,891,1028
int_bit_hash,892,998
int_bit_hash,893,929
int_bit_hash,894,1052
int_bit_hash,895,963
int_bit_hash,896,1018
int_bit_hash,897,1026
int_bit_hash,898,997
int_bit_hash,899,1013
int_bit_hash,900,962
int_bit_hash,901,980
int_bit_hash,902,992
int_bit_hash,903,996
int_bit_hash,904,990
int_bit_hash,905,997
int_bit_hash,906,1021
int_bit_hash,907,1002
int_bit_hash,908,997
int_bit_hash,909,959
int_bit_hash,910,1011
int_bit_hash,911,1017
int_bit_hash,912,1030
int_bit_hash,913,1018
int_bit_hash,914,975
int_bit_hash,915,984
int_bit_hash,916,1000
int_bit_hash,917,1024
int_bit_hash,918,962
int_bit_hash,919,935
int_bit_hash,920,1032
int_bit_hash,921,963
int_bit_hash,922,1014
int_bit_hash,923,959
int_bit_hash,924,987
int_bit_hash,925,1021
int_bit_hash,926,951
int_bit_hash,927,966
int_bit_hash,928,998
int_bit_hash,929,935
int_bit_hash,930,1020
int_bit_hash,931,1053
int_bit_hash,932,999
int_bit_hash,933,1017
int_bit_hash,934,979
int_bit_hash,935,1010
int_bit_hash,936,973
int_bit_hash,937,982
int_bit_hash,938,966
int_bit_hash,939,952
int_bit_hash,940,986
int_bit_hash,941,1011
int_bit_hash,942,1045
int_bit_hash,943,1013
int_bit_hash,944,1003
int_bit_hash,945,1016
int_bit_hash,946,983
int_bit_hash,947,1008
int_bit_hash,948,1014
int_bit_hash,949,1025
int_bit_hash,950,1021
int_bit_hash,951,1025
int_bit_hash,952,1013
int_bit_hash,953,1062
int_bit_hash,954,992
int_bit_hash,955,1014
int_bit_hash,956,981
int_bit_hash,957,986
int_bit_hash,958,966
int_bit_hash,959,982
int_bit_hash,960,982
int_bit_hash,961,911
int_bit_hash,962,1031
int_bit_hash,963,977
int_bit_hash,964,992
int_bit_hash,965,997
int_bit_hash,966,988
int_bit_hash,967,977
int_bit_hash,968,961
int_bit_hash,969,938
int_bit_hash,970,970
int_bit_hash,971,988
int_bit_hash,972,1009
int_bit_hash,973,968
int_bit_hash,974,996
int_bit_hash,975,978
int_bit_hash,976,990
int_bit_hash,977,993
int_bit_hash,978,957
int_bit_hash,979,944
int_bit_hash,980,1038
int_bit_hash,981,1022
int_bit_hash,982,1009
int_bit_hash,983,957
int_bit_hash,984,984
int_bit_hash,985,1033
int_bit_hash,986,991
int_bit_hash,987,1020
int_bit_hash,988,969
int_bit_hash,989,1023
int_bit_hash,990,949
int_bit_hash,991,1006
int_bit_hash,992,984
int_bit_hash,993,983
int_bit_hash,994,981
int_bit_hash,995,1013
int_bit_hash,996,1031
int_bit_hash,997,991
int_bit_hash,998,1019
int_bit_hash,999,972
int_miltiplication_hash,0,993
int_miltiplication_hash,1,981
int_miltiplication_hash,2,986
int_miltiplication_hash,3,988
int_miltiplication_hash,4,919
int_miltiplication_hash,5,1035
int_miltiplication_hash,6,1034
int_miltiplication_hash,7,972
int_miltiplication_hash,8,1006
int_miltiplication_hash,9,955
int_miltiplication_hash,10,1035
int_miltiplication_hash,11,1012
int_miltiplication_hash,12,973
int_miltiplication_hash,13,992
int_miltiplication_hash,14,952
int_miltiplication_hash,15,976
int_miltiplication_hash,16,1029
int_miltiplication_hash,17,1000
int_miltiplication_hash,18,994
int_miltiplication_hash,19,994
int_miltiplication_hash,20,1024
int_miltiplication_hash,21,984
int_miltiplication_hash,22,1041
int_miltiplication_hash,23,976
int_miltiplication_hash,24,971
int_miltiplication_hash,25,1013
int_miltiplication_hash,26,1018
int_miltiplication_hash,27,1018
int_miltiplication_hash,28,1027
int_miltiplication_hash,29,1000
int_miltiplication_hash,30,984
int_miltiplication_hash,31,952
int_miltiplication_hash,32,1019
int_miltiplication_hash,33,994
int_miltiplication_hash,34,1008
int_miltiplication_hash,35,1024
int_miltiplication_hash,36,1019
int_miltiplication_hash,37,1022
int_miltiplication_hash,38,1028
int_miltiplication_hash,39,1008
int_miltiplication_hash,40,1015
int_miltiplication_hash,41,1007
int_miltiplication_hash,42,1005
int_miltiplication_hash,43,1055
int_miltiplication_hash,44,984
int_miltiplication_hash,45,948
int_miltiplication_hash,46,994
int_miltiplication_hash,47,977
int_miltiplication_hash,48,959
int_miltiplication_hash,49,1034
int_miltiplication_hash,50,1038
int_miltiplication_hash,51,998
int_miltiplication_hash,52,957
int_miltiplication_hash,53,1009
int_miltiplication_hash,54,995
int_miltiplication_hash,55,987
int_miltiplication_hash,56,976
int_miltiplication_hash,57,1030
int_miltiplication_hash,58,1008
int_miltiplication_hash,59,1027
int_miltiplication_hash,60,987
int_miltiplication_hash,61,1000
int_miltiplication_hash,62,994
int_miltiplication_hash,63,1011
int_miltiplication_hash,64,1022
int_miltiplication_hash,65,1026
int_miltiplication_hash,66,1055
int_miltiplication_hash,67,1037
int_miltiplication_hash,68,985
int_miltiplication_hash,69,993
int_miltiplication_hash,70,1044
int_miltiplication_hash,71,929
int_miltiplication_hash,72,968
int_miltiplication_hash,73,916
int_miltiplication_hash,74,967
int_miltiplication_hash,75,1069
int_miltiplication_hash,76,1009
int_miltiplication_hash,77,1004
int_miltiplication_hash,78,1071
int_miltiplication_hash,79,1010
int_miltiplication_hash,80,1033
int_miltiplication_hash,81,974
int_miltiplication_hash,82,940
int_miltiplication_hash,83,928
int_miltiplication_hash,84,1004
int_miltiplication_hash,85,1003
int_miltiplication_hash,86,987
int_miltiplication_hash,87,1015
int_miltiplication_hash,88,1041
int_miltiplication_hash,89,997
int_miltiplication_hash,90,999
int_miltiplication_hash,91,971
int_miltiplication_hash,92,1026
int_miltiplication_hash,93,970
int_miltiplication_hash,94,1035
int_miltiplication_hash,95,1037
int_miltiplication_hash,96,1042
int_miltiplication_hash,97,956
int_miltiplication_hash,98,958
int_miltiplication_hash,99,983
int_miltiplication_hash,100,1017
int_miltiplication_hash,101,1045
int_miltiplication_hash,102,937
int_miltiplication_hash,103,970
int_miltiplication_hash,104,1007
int_miltiplication_hash,105,993
int_miltiplication_hash,106,1000
int_miltiplication_hash,107,994
int_miltiplication_hash,108,975
int_miltiplication_hash,109,1045
int_miltiplication_hash,110,1060
int_miltiplication_hash,111,1007
int_miltiplication_hash,112,1009
int_miltiplication_hash,113,990
int_miltiplication_hash,114,1012
int_miltiplication_hash,115,1058
int_miltiplication_hash,116,999
int_miltiplication_hash,117,1014
int_miltiplication_hash,118,953
int_miltiplication_hash,119,947
int_miltiplication_hash,120,994
int_miltiplication_hash,121,1063
int_miltiplication_hash,122,1059
int_miltiplication_hash,123,999
int_miltiplication_hash,124,1045
int_miltiplication_hash,125,965
int_miltiplication_hash,126,999
int_miltiplication_hash,127,950
int_miltiplication_hash,128,1015
int_miltiplication_hash,129,993
int_miltiplication_hash,130,955
int_miltiplication_hash,131,980
int_miltiplication_hash,132,985
int_miltiplication_hash,133,1015
int_miltiplication_hash,134,952
int_miltiplication_hash,135,978
int_miltiplication_hash,136,994
int_miltiplication_hash,137,1012
int_miltiplication_hash,138,1013
int_miltiplication_hash,139,1021
int_miltiplication_hash,140,1004
int_miltiplication_hash,141,994
int_miltiplication_hash,142,1060
int_miltiplication_hash,143,1041
int_miltiplication_hash,144,995
int_miltiplication_hash,145,986
int_miltiplication_hash,146,993
int_miltiplication_hash,147,995
int_miltiplication_hash,148,1014
int_miltiplication_hash,149,973
int_miltiplication_hash,150,983
int_miltiplication_hash,151,1009
int_miltiplication_hash,152,996
int_miltiplication_hash,153,969
int_miltiplication_hash,154,994
int_miltiplication_hash,155,1004
int_miltiplication_hash,156,1015
int_miltiplication_hash,157,1031
int_miltiplication_hash,158,982
int_miltiplication_hash,159,927
int_miltiplication_hash,160,985
int_miltiplication_hash,161,996
int_miltiplication_hash,162,991
int_miltiplication_hash,163,968
int_miltiplication_hash,164,1002
int_miltiplication_hash,165,990
int_miltiplication_hash,166,1003
int_miltiplication_hash,167,1008
int_miltiplication_hash,168,1000
int_miltiplication_hash,169,1028
int_miltiplication_hash,170,1045
int_miltiplication_hash,171,1021
int_miltiplication_hash,172,1020
int_miltiplication_hash,173,1003
int_miltiplication_hash,174,997
int_miltiplication_hash,175,1078
int_miltiplication_hash,176,1022
int_miltiplication_hash,177,1034
int_miltiplication_hash,178,971
int_miltiplication_hash,179,1057
int_miltiplication_hash,180,1018
int_miltiplication_hash,181,1006
int_miltiplication_hash,182,1013
int_miltiplication_hash,183,959
int_miltiplication_hash,184,1035
int_miltiplication_hash,185,1023
int_miltiplication_hash,186,1036
int_miltiplication_hash,187,1012
int_miltiplication_hash,188,958
int_miltiplication_hash,189,1047
int_miltiplication_hash,190,1052
int_miltiplication_hash,191,1000
int_miltiplication_hash,192,983
int_miltiplication_hash,193,1044
int_miltiplication_hash,194,953
int_miltiplication_hash,195,988
int_miltiplication_hash,196,1093
int_miltiplication_hash,197,1009
int_miltiplication_hash,198,1006
int_miltiplication_hash,199,1022
int_miltiplication_hash,200,977
int_miltiplication_hash,201,1038
int_miltiplication_hash,202,942
int_miltiplication_hash,203,951
int_miltiplication_hash,204,1013
int_miltiplication_hash,205,1041
int_miltiplication_hash,206,972
int_miltiplication_hash,207,1042
int_miltiplication_hash,208,998
int_miltiplication_hash,209,1000
int_miltiplication_hash,210,986
int_miltiplication_hash,211,1019
int_miltiplication_hash,212,1034
int_miltiplication_hash,213,951
int_miltiplication_hash,214,1002
int_miltiplication_hash,215,974
int_miltiplication_hash,216,1031
int_miltiplication_hash,217,969
int_miltiplication_hash,218,991
int_miltiplication_hash,219,940
int_miltiplication_hash,220,1003
int_miltiplication_hash,221,977
int_miltiplication_hash,222,999
int_miltiplication_hash,223,972
int_miltiplication_hash,224,1002
int_miltiplication_hash,225,1039
int_miltiplication_hash,226,1023
int_miltiplication_hash,227,1006
int_miltiplication_hash,228,1001
int_miltiplication_hash,229,1006
int_miltiplication_hash,230,953
int_miltiplication_hash,231,999
int_miltiplication_hash,232,955
int_miltiplication_hash,233,998
int_miltiplication_hash,234,1032
int_miltiplication_hash,235,903
int_miltiplication_hash,236,1039
int_miltiplication_hash,237,972
int_miltiplication_hash,238,995
int_miltiplication_hash,239,998
int_miltiplication_hash,240,1072
int_miltiplication_hash,241,961
int_miltiplication_hash,242,1000
int_miltiplication_hash,243,1015
int_miltiplication_hash,244,1031
int_miltiplication_hash,245,999
int_miltiplication_hash,246,997
int_miltiplication_hash,247,1028
int_miltiplication_hash,248,1013
int_miltiplication_hash,249,1001
int_miltiplication_hash,250,1017
int_miltiplication_hash,251,983
int_miltiplication_hash,252,980
int_miltiplication_hash,253,1009
int_miltiplication_hash,254,999
int_miltiplication_hash,255,967
int_miltiplication_hash,256,965
int_miltiplication_hash,257,1022
int_miltiplication_hash,258,1016
int_miltiplication_hash,259,1044
int_miltiplication_hash,260,933
int_miltiplication_hash,261,943
int_miltiplication_hash,262,1000
int_miltiplication_hash,263,1046
int_miltiplication_hash,264,999
int_miltiplication_hash,265,1043
int_miltiplication_hash,266,998
int_miltiplication_hash,267,996
int_miltiplication_hash,268,1056
int_miltiplication_hash,269,987
int_miltiplication_hash,270,991
int_miltiplication_hash,271,1011
int_miltiplication_hash,272,992
int_miltiplication_hash,273,1051
int_miltiplication_hash,274,972
int_miltiplication_hash,275,992
int_miltiplication_hash,276,969
int_miltiplication_hash,277,965
int_miltiplication_hash,278,989
int_miltiplication_hash,279,978
int_miltiplication_hash,280,1047
int_miltiplication_hash,281,1028
int_miltiplication_hash,282,1013
int_miltiplication_hash,283,1019
int_miltiplication_hash,284,1012
int_miltiplication_hash,285,978
int_miltiplication_hash,286,987
int_miltiplication_hash,287,986
int_miltiplication_hash,288,1017
int_miltiplication_hash,289,994
int_miltiplication_hash,290,1011
int_miltiplication_hash,291,983
int_miltiplication_hash,292,1020
int_miltiplication_hash,293,1041
int_miltiplication_hash,294,1017
int_miltiplication_hash,295,958
int_miltiplication_hash,296,970
int_miltiplication_hash,297,1030
int_miltiplication_hash,298,979
int_miltiplication_hash,299,986
int_miltiplication_hash,300,975
int_miltiplication_hash,301,960
int_miltiplication_hash,302,954
int_miltiplication_hash,303,929
int_miltiplication_hash,304,1031
int_miltiplication_hash,305,1023
int_miltiplication_hash,306,1072
int_miltiplication_hash,307,1014
int_miltiplication_hash,308,1015
int_miltiplication_hash,309,1018
int_miltiplication_hash,310,966
int_miltiplication_hash,311,975
int_miltiplication_hash,312,969
int_miltiplication_hash,313,1043
int_miltiplication_hash,314,993
int_miltiplication_hash,315,972
int_miltiplication_hash,316,1011
int_miltiplication_hash,317,1011
int_miltiplication_hash,318,1048
int_miltiplication_hash,319,1070
int_miltiplication_hash,320,905
int_miltiplication_hash,321,1085
int_miltiplication_hash,322,1033
int_miltiplication_hash,323,1019
int_miltiplication_hash,324,957
int_miltiplication_hash,325,984
int_miltiplication_hash,326,970
int_miltiplication_hash,327,971
int_miltiplication_hash,328,1024
int_miltiplication_hash,329,1000
int_miltiplication_hash,330,1010
int_miltiplication_hash,331,1021
int_miltiplication_hash,332,1033
int_miltiplication_hash,333,1002
int_miltiplication_hash,334,1005
int_miltiplication_hash,335,969
int_miltiplication_hash,336,1003
int_miltiplication_hash,337,992
int_miltiplication_hash,338,1036
int_miltiplication_hash,339,994
int_miltiplication_hash,340,979
int_miltiplication_hash,341,996
int_miltiplication_hash,342,987
int_miltiplication_hash,343,1061
int_miltiplication_hash,344,1018
int_miltiplication_hash,345,1034
int_miltiplication_hash,346,968
int_miltiplication_hash,347,1005
int_miltiplication_hash,348,1017
int_miltiplication_hash,349,994
int_miltiplication_hash,350,977
int_miltiplication_hash,351,1015
int_miltiplication_hash,352,985
int_miltiplication_hash,353,977
int_miltiplication_hash,354,1036
int_miltiplication_hash,355,1002
int_miltiplication_hash,356,1037
int_miltiplication_hash,357,993
int_miltiplication_hash,358,1038
int_miltiplication_hash,359,1042
int_miltiplication_hash,360,987
int_miltiplication_hash,361,1030
int_miltiplication_hash,362,1007
int_miltiplication_hash,363,988
int_miltiplication_hash,364,974
int_miltiplication_hash,365,1001
int_miltiplication_hash,366,952
int_miltiplication_hash,367,989
int_miltiplication_hash,368,979
int_miltiplication_hash,369,994
int_miltiplication_hash,370,1004
int_miltiplication_hash,371,1019
int_miltiplication_hash,372,911
int_miltiplication_hash,373,952
int_miltiplication_hash,374,1018
int_miltiplication_hash,375,1032
int_miltiplication_hash,376,925
int_miltiplication_hash,377,1023
int_miltiplication_hash,378,1040
int_miltiplication_hash,379,999
int_miltiplication_hash,380,1035
int_miltiplication_hash,381,978
int_miltiplication_hash,382,1005
int_miltiplication_hash,383,931
int_miltiplication_hash,384,1021
int_miltiplication_hash,385,1005
int_miltiplication_hash,386,972
int_miltiplication_hash,387,1021
int_miltiplication_hash,388,1006
int_miltiplication_hash,389,994
int_miltiplication_hash,390,981
int_miltiplication_hash,391,1010
int_miltiplication_hash,392,1005
int_miltiplication_hash,393,987
int_miltiplication_hash,394,990
int_miltiplication_hash,395,966
int_miltiplication_hash,396,927
int_miltiplication_hash,397,984
int_miltiplication_hash,398,959
int_miltiplication_hash,399,978
int_miltiplication_hash,400,986
int_miltiplication_hash,401,931
int_miltiplication_hash,402,1015
int_miltiplication_hash,403,1012
int_miltiplication_hash,404,986
int_miltiplication_hash,405,1043
int_miltiplication_hash,406,996
int_miltiplication_hash,407,1032
int_miltiplication_hash,408,954
int_miltiplication_hash,409,1027
int_miltiplication_hash,410,981
int_miltiplication_hash,411,953
int_miltiplication_hash,412,1007
int_miltiplication_hash,413,945
int_miltiplication_hash,414,1020
int_miltiplication_hash,415,982
int_miltiplication_hash,416,1058
int_miltiplication_hash,417,1015
int_miltiplication_hash,418,997
int_miltiplication_hash,419,1027
int_miltiplication_hash,420,1019
int_miltiplication_hash,421,1012
int_miltiplication_hash,422,972
int_miltiplication_hash,423,987
int_miltiplication_hash,424,1013
int_miltiplication_hash,425,989
int_miltiplication_hash,426,1009
int_miltiplication_hash,427,964
int_miltiplication_hash,428,975
int_miltiplication_hash,429,969
int_miltiplication_hash,430,1016
int_miltiplication_hash,431,989
int_miltiplication_hash,432,909
int_miltiplication_hash,433,1034
int_miltiplication_hash,434,1062
int_miltiplication_hash,435,1031
int_miltiplication_hash,436,1018
int_miltiplication_hash,437,1012
int_miltiplication_hash,438,1016
int_miltiplication_hash,439,942
int_miltiplication_hash,440,1027
int_miltiplication_hash,441,1021
int_miltiplication_hash,442,1000
int_miltiplication_hash,443,1024
int_miltiplication_hash,444,997
int_miltiplication_hash,445,1019
int_miltiplication_hash,446,1006
int_miltiplication_hash,447,1008
int_miltiplication_hash,448,1007
int_miltiplication_hash,449,1016
int_miltiplication_hash,450,961
int_miltiplication_hash,451,1010
int_miltiplication_hash,452,994
int_miltiplication_hash,453,990
int_miltiplication_hash,454,1012
int_miltiplication_hash,455,1030
int_miltiplication_hash,456,1019
int_miltiplication_hash,457,969
int_miltiplication_hash,458,979
int_miltiplication_hash,459,974
int_miltiplication_hash,460,1026
int_miltiplication_hash,461,998
int_miltiplication_hash,462,996
int_miltiplication_hash,463,1018
int_miltiplication_hash,464,1013
int_miltiplication_hash,465,972
int_miltiplication_hash,466,969
int_miltiplication_hash,467,1010
int_miltiplication_hash,468,968
int_miltiplication_hash,469,1005
int_miltiplication_hash,470,1046
int_miltiplication_hash,471,1002
int_miltiplication_hash,472,1024
int_miltiplication_hash,473,1003
int_miltiplication_hash,474,964
int_miltiplication_hash,475,974
int_miltiplication_hash,476,983
int_miltiplication_hash,477,1077
int_miltiplication_hash,478,1019
int_miltiplication_hash,479,1035
int_miltiplication_hash,480,1034
int_miltiplication_hash,481,1018
int_miltiplication_hash,482,1009
int_miltiplication_hash,483,957
int_miltiplication_hash,484,997
int_miltiplication_hash,485,1033
int_miltiplication_hash,486,971
int_miltiplication_hash,487,957
int_miltiplication_hash,488,997
int_miltiplication_hash,489,998
int_miltiplication_hash,490,958
int_miltiplication_hash,491,978
int_miltiplication_hash,492,1010
int_miltiplication_hash,493,990
int_miltiplication_hash,494,1031
int_miltiplication_hash,495,996
int_miltiplication_hash,496,949
int_miltiplication_hash,497,988
int_miltiplication_hash,498,1014
int_miltiplication_hash,499,1035
int_miltiplication_hash,500,1032
int_miltiplication_hash,501,1011
int_miltiplication_hash,502,1013
int_miltiplication_hash,503,1003
int_miltiplication_hash,504,1036
int_miltiplication_hash,505,981
int_miltiplication_hash,506,968
int_miltiplication_hash,507,998
int_miltiplication_hash,508,949
int_miltiplication_hash,509,1008
int_miltiplication_hash,510,991
int_miltiplication_hash,511,1009
int_miltiplication_hash,512,952
int_miltiplication_hash,513,995
int_miltiplication_hash,514,1040
int_miltiplication_hash,515,1029
int_miltiplication_hash,516,947
int_miltiplication_hash,517,999
int_miltiplication_hash,518,999
int_miltiplication_hash,519,1035
int_miltiplication_hash,520,1025
int_miltiplication_hash,521,1019
int_miltiplication_hash,522,960
int_miltiplication_hash,523,1020
int_miltiplication_hash,524,1020
int_miltiplication_hash,525,1019
int_miltiplication_hash,526,1002
int_miltiplication_hash,527,1021
int_miltiplication_hash,528,971
int_miltiplication_hash,529,952
int_miltiplication_hash,530,981
int_miltiplication_hash,531,946
int_miltiplication_hash,532,1055
int_miltiplication_hash,533,1049
int_miltiplication_hash,534,997
int_miltiplication_hash,535,999
int_miltiplication_hash,536,994
int_miltiplication_hash,537,1027
int_miltiplication_hash,538,985
int_miltiplication_hash,539,1006
int_miltiplication_hash,540,1023
int_miltiplication_hash,541,1076
int_miltiplication_hash,542,1011
int_miltiplication_hash,543,1012
int_miltiplication_hash,544,955
int_miltiplication_hash,545,990
int_miltiplication_hash,546,1005
int_miltiplication_hash,547,963
int_miltiplication_hash,548,1017
int_miltiplication_hash,549,960
int_miltiplication_hash,550,995
int_miltiplication_hash,551,1023
int_miltiplication_hash,552,1007
int_miltiplication_hash,553,992
int_miltiplication_hash,554,1013
int_miltiplication_hash,555,959
int_miltiplication_hash,556,1046
int_miltiplication_hash,557,970
int_miltiplication_hash,558,993
int_miltiplication_hash,559,975
int_miltiplication_hash,560,1027
int_miltiplication_hash,561,1016
int_miltiplication_hash,562,951
int_miltiplication_hash,563,975
int_miltiplication_hash,564,1016
int_miltiplication_hash,565,1022
int_miltiplication_hash,566,984
int_miltiplication_hash,567,973
int_miltiplication_hash,568,973
int_miltiplication_hash,569,1050
int_miltiplication_hash,570,1013
int_miltiplication_hash,571,954
int_miltiplication_hash,572,1050
int_miltiplication_hash,573,946
int_miltiplication_hash,574,998
int_miltiplication_hash,575,1037
int_miltiplication_hash,576,1003
int_miltiplication_hash,577,1042
int_miltiplication_hash,578,968
int_miltiplication_hash,579,1029
int_miltiplication_hash,580,986
int_miltiplication_hash,581,1008
int_miltiplication_hash,582,980
int_miltiplication_hash,583,986
int_miltiplication_hash,584,909
int_miltiplication_hash,585,996
int_miltiplication_hash,586,1052
int_miltiplication_hash,587,943
int_miltiplication_hash,588,979
int_miltiplication_hash,589,987
int_miltiplication_hash,590,993
int_miltiplication_hash,591,946
int_miltiplication_hash,592,1053
int_miltiplication_hash,593,949
int_miltiplication_hash,594,1105
int_miltiplication_hash,595,1021
int_miltiplication_hash,596,961
int_miltiplication_hash,597,968
int_miltiplication_hash,598,978
int_miltiplication_hash,599,987
int_miltiplication_hash,600,987
int_miltiplication_hash,601,993
int_miltiplication_hash,602,978
int_miltiplication_hash,603,1029
int_miltiplication_hash,604,982
int_miltiplication_hash,605,1016
int_miltiplication_hash,606,931
int_miltiplication_hash,607,1012
int_miltiplication_hash,608,1020
int_miltiplication_hash,609,1023
int_miltiplication_hash,610,978
int_miltiplication_hash,611,970
int_miltiplication_hash,612,1022
int_miltiplication_hash,613,975
int_miltiplication_hash,614,983
int_miltiplication_hash,615,998
int_miltiplication_hash,616,1018
int_miltiplication_hash,617,970
int_miltiplication_hash,618,961
int_miltiplication_hash,619,988
int_miltiplication_hash,620,1001
int_miltiplication_hash,621,1003
int_miltiplication_hash,622,1042
int_miltiplication_hash,623,1059
int_miltiplication_hash,624,1033
int_miltiplication_hash,625,975
int_miltiplication_hash,626,1031
int_miltiplication_hash,627,1010
int_miltiplication_hash,628,1043
int_miltiplication_hash,629,1002
int_miltiplication_hash,630,966
int_miltiplication_hash,631,1032
int_miltiplication_hash,632,1044
int_miltiplication_hash,633,961
int_miltiplication_hash,634,1074
int_miltiplication_hash,635,974
int_miltiplication_hash,636,949
int_miltiplication_hash,637,940
int_miltiplication_hash,638,1015
int_miltiplication_hash,639,1015
int_miltiplication_hash,640,1009
int_miltiplication_hash,641,975
int_miltiplication_hash,642,1031
int_miltiplication_hash,643,990
int_miltiplication_hash,644,1003
int_miltiplication_hash,645,1060
int_miltiplication_hash,646,1011
int_miltiplication_hash,647,977
int_miltiplication_hash,648,961
int_miltiplication_hash,649,1004
int_miltiplication_hash,650,1040
int_miltiplication_hash,651,1006
int_miltiplication_hash,652,1014
int_miltiplication_hash,653,1061
int_miltiplication_hash,654,1036
int_miltiplication_hash,655,988
int_miltiplication_hash,656,1000
int_miltiplication_hash,657,952
int_miltiplication_hash,658,988
int_miltiplication_hash,659,947
int_miltiplication_hash,660,980
int_miltiplication_hash,661,958
int_miltiplication_hash,662,986
int_miltiplication_hash,663,966
int_miltiplication_hash,664,980
int_miltiplication_hash,665,955
int_miltiplication_hash,666,1024
int_miltiplication_hash,667,1055
int_miltiplication_hash,668,994
int_miltiplication_hash,669,997
int_miltiplication_hash,670,954
int_miltiplication_hash,671,973
int_miltiplication_hash,672,1012
int_miltiplication_hash,673,988
int_miltiplication_hash,674,1014
int_miltiplication_hash,675,955
int_miltiplication_hash,676,1004
int_miltiplication_hash,677,1023
int_miltiplication_hash,678,1017
int_miltiplication_hash,679,1023
int_miltiplication_hash,680,1001
int_miltiplication_hash,681,994
int_miltiplication_hash,682,942
int_miltiplication_hash,683,959
int_miltiplication_hash,684,971
int_miltiplication_hash,685,1012
int_miltiplication_hash,686,1025
int_miltiplication_hash,687,940
int_miltiplication_hash,688,985
int_miltiplication_hash,689,1007
int_miltiplication_hash,690,1001
int_miltiplication_hash,691,1108
int_miltiplication_hash,692,1043
int_miltiplication_hash,693,983
int_miltiplication_hash,694,965
int_miltiplication_hash,695,1007
int_miltiplication_hash,696,997
int_miltiplication_hash,697,988
int_miltiplication_hash,698,969
int_miltiplication_hash,699,1000
int_miltiplication_hash,700,943
int_miltiplication_hash,701,988
int_miltiplication_hash,702,1004
int_miltiplication_hash,703,968
int_miltiplication_hash,704,993
int_miltiplication_hash,705,1029
int_miltiplication_hash,706,982
int_miltiplication_hash,707,1036
int_miltiplication_hash,708,1016
int_miltiplication_hash,709,1003
int_miltiplication_hash,710,969
int_miltiplication_hash,711,959
int_miltiplication_hash,712,962
int_miltiplication_hash,713,969
int_miltiplication_hash,714,1009
int_miltiplication_hash,715,967
int_miltiplication_hash,716,993
int_miltiplication_hash,717,1065
int_miltiplication_hash,718,1018
int_miltiplication_hash,719,995
int_miltiplication_hash,720,952
int_miltiplication_hash,721,966
int_miltiplication_hash,722,969
int_miltiplication_hash,723,995
int_miltiplication_hash,724,1004
int_miltiplication_hash,725,1004
int_miltiplication_hash,726,1012
int_miltiplication_hash,727,981
int_miltiplication_hash,728,1029
int_miltiplication_hash,729,1012
int_miltiplication_hash,730,935
int_miltiplication_hash,731,991
int_miltiplication_hash,732,1022
int_miltiplication_hash,733,1013
int_miltiplication_hash,734,1021
int_miltiplication_hash,735,1000
int_miltiplication_hash,736,1020
int_miltiplication_hash,737,997
int_miltiplication_hash,738,1008
int_miltiplication_hash,739,1014
int_miltiplication_hash,740,1011
int_miltiplication_hash,741,1005
int_miltiplication_hash,742,942
int_miltiplication_hash,743,996
int_miltiplication_hash,744,976
int_miltiplication_hash,745,1035
int_miltiplication_hash,746,1037
int_miltiplication_hash,747,966
int_miltiplication_hash,748,987
int_miltiplication_hash,749,985
int_miltiplication_hash,750,985
int_miltiplication_hash,751,1028
int_miltiplication_hash,752,971
int_miltiplication_hash,753,1011
int_miltiplication_hash,754,959
int_miltiplication_hash,755,960
int_miltiplication_hash,756,1010
int_miltiplication_hash,757,1003
int_miltiplication_hash,758,1035
int_miltiplication_hash,759,1079
int_miltiplication_hash,760,975
int_miltiplication_hash,761,985
int_miltiplication_hash,762,1015
int_miltiplication_hash,763,946
int_miltiplication_hash,764,963
int_miltiplication_hash,765,1029
int_miltiplication_hash,766,1059
int_miltiplication_hash,767,1027
int_miltiplication_hash,768,1001
int_miltiplication_hash,769,1008
int_miltiplication_hash,770,986
int_miltiplication_hash,771,1006
int_miltiplication_hash,772,1042
int_miltiplication_hash,773,1003
int_miltiplication_hash,774,1009
int_miltiplication_hash,775,970
int_miltiplication_hash,776,991
int_miltiplication_hash,777,979
int_miltiplication_hash,778,984
int_miltiplication_hash,779,1041
int_miltiplication_hash,780,961
int_miltiplication_hash,781,1040
int_miltiplication_hash,782,995
int_miltiplication_hash,783,1005
int_miltiplication_hash,784,1016
int_miltiplication_hash,785,1052
int_miltiplication_hash,786,978
int_miltiplication_hash,787,1009
int_miltiplication_hash,788,1047
int_miltiplication_hash,789,996
int_miltiplication_hash,790,1021
int_miltiplication_hash,791,1047
int_miltiplication_hash,792,1043
int_miltiplication_hash,793,1029
int_miltiplication_hash,794,1002
int_miltiplication_hash,795,1014
int_miltiplication_hash,796,1012
int_miltiplication_hash,797,975
int_miltiplication_hash,798,1007
int_miltiplication_hash,799,1056
int_miltiplication_hash,800,1053
int_miltiplication_hash,801,1025
int_miltiplication_hash,802,1027
int_miltiplication_hash,803,999
int_miltiplication_hash,804,1017
int_miltiplication_hash,805,1028
int_miltiplication_hash,806,1006
int_miltiplication_hash,807,993
int_miltiplication_hash,808,1026
int_miltiplication_hash,809,1000
int_miltiplication_hash,810,1035
int_miltiplication_hash,811,1043
int_miltiplication_hash,812,1008
int_miltiplication_hash,813,1000
int_miltiplication_hash,814,1001
int_miltiplication_hash,815,964
int_miltiplication_hash,816,981
int_miltiplication_hash,817,1019
int_miltiplication_hash,818,1005
int_miltiplication_hash,819,983
int_miltiplication_hash,820,970
int_miltiplication_hash,821,993
int_miltiplication_hash,822,939
int_miltiplication_hash,823,1000
int_miltiplication_hash,824,1002
int_miltiplication_hash,825,911
int_miltiplication_hash,826,1037
int_miltiplication_hash,827,973
int_miltiplication_hash,828,989
int_miltiplication_hash,829,1011
int_miltiplication_hash,830,1005
int_miltiplication_hash,831,1014
int_miltiplication_hash,832,1007
int_miltiplication_hash,833,1029
int_miltiplication_hash,834,1080
int_miltiplication_hash,835,1007
int_miltiplication_hash,836,1009
int_miltiplication_hash,837,1032
int_miltiplication_hash,838,1040
int_miltiplication_hash,839,1020
int_miltiplication_hash,840,1019
int_miltiplication_hash,841,951
int_miltiplication_hash,842,941
int_miltiplication_hash,843,1008
int_miltiplication_hash,844,1012
int_miltiplication_hash,845,1016
int_miltiplication_hash,846,1064
int_miltiplication_hash,847,1027
int_miltiplication_hash,848,1001
int_miltiplication_hash,849,1016
int_miltiplication_hash,850,1061
int_miltiplication_hash,851,1017
int_miltiplication_hash,852,1049
int_miltiplication_hash,853,952
int_miltiplication_hash,854,1046
int_miltiplication_hash,855,1023
int_miltiplication_hash,856,989
int_miltiplication_hash,857,1005
int_miltiplication_hash,858,975
int_miltiplication_hash,859,974
int_miltiplication_hash,860,984
int_miltiplication_hash,861,965
int_miltiplication_hash,862,1029
int_miltiplication_hash,863,1038
int_miltiplication_hash,864,1012
int_miltiplication_hash,865,973
int_miltiplication_hash,866,974
int_miltiplication_hash,867,1028
int_miltiplication_hash,868,931
int_miltiplication_hash,869,1038
int_miltiplication_hash,870,969
int_miltiplication_hash,871,988
int_miltiplication_hash,872,1036
int_miltiplication_hash,873,988
int_miltiplication_hash,874,985
int_miltiplication_hash,875,989
int_miltiplication_hash,876,979
int_miltiplication_hash,877,968
int_miltiplication_hash,878,963
int_miltiplication_hash,879,1009
int_miltiplication_hash,880,968
int_miltiplication_hash,881,994
int_miltiplication_hash,882,1015
int_miltiplication_hash,883,1082
int_miltiplication_hash,884,977
int_miltiplication_hash,885,1058
int_miltiplication_hash,886,1053
int_miltiplication_hash,887,996
int_miltiplication_hash,888,973
int_miltiplication_hash,889,1008
int_miltiplication_hash,890,1010
int_miltiplication_hash,891,1022
int_miltiplication_hash,892,980
int_miltiplication_hash,893,981
int_miltiplication_hash,894,983
int_miltiplication_hash,895,1010
int_miltiplication_hash,896,1054
int_miltiplication_hash,897,977
int_miltiplication_hash,898,953
int_miltiplication_hash,899,997
int_miltiplication_hash,900,969
int_miltiplication_hash,901,898
int_miltiplication_hash,902,994
int_miltiplication_hash,903,992
int_miltiplication_hash,904,982
int_miltiplication_hash,905,953
int_miltiplication_hash,906,1013
int_miltiplication_hash,907,987
int_miltiplication_hash,908,974
int_miltiplication_hash,909,978
int_miltiplication_hash,910,1021
int_miltiplication_hash,911,981
int_miltiplication_hash,912,1016
int_miltiplication_hash,913,966
int_miltiplication_hash,914,989
int_miltiplication_hash,915,1027
int_miltiplication_hash,916,1059
int_miltiplication_hash,917,1006
int_miltiplication_hash,918,998
int_miltiplication_hash,919,1066
int_miltiplication_hash,920,964
int_miltiplication_hash,921,1025
int_miltiplication_hash,922,1018
int_miltiplication_hash,923,921
int_miltiplication_hash,924,1033
int_miltiplication_hash,925,928
int_miltiplication_hash,926,995
int_miltiplication_hash,927,1006
int_miltiplication_hash,928,1059
int_miltiplication_hash,929,1038
int_miltiplication_hash,930,1026
int_miltiplication_hash,931,974
int_miltiplication_hash,932,1076
int_miltiplication_hash,933,1018
int_miltiplication_hash,934,962
int_miltiplication_hash,935,1003
int_miltiplication_hash,936,1010
int_miltiplication_hash,937,971
int_miltiplication_hash,938,1039
int_miltiplication_hash,939,999
int_miltiplication_hash,940,1031
int_miltiplication_hash,941,1005
int_miltiplication_hash,942,1037
int_miltiplication_hash,943,957
int_miltiplication_hash,944,995
int_miltiplication_hash,945,1013
int_miltiplication_hash,946,1074
int_miltiplication_hash,947,995
int_miltiplication_hash,948,1032
int_miltiplication_hash,949,989
int_miltiplication_hash,950,995
int_miltiplication_hash,951,997
int_miltiplication_hash,952,1065
int_miltiplication_hash,953,999
int_miltiplication_hash,954,980
int_miltiplication_hash,955,935
int_miltiplication_hash,956,915
int_miltiplication_hash,957,984
int_miltiplication_hash,958,1068
int_miltiplication_hash,959,917
int_miltiplication_hash,960,994
int_miltiplication_hash,961,1017
int_miltiplication_hash,962,944
int_miltiplication_hash,963,973
int_miltiplication_hash,964,1042
int_miltiplication_hash,965,920
int_miltiplication_hash,966,1015
int_miltiplication_hash,967,970
int_miltiplication_hash,968,995
int_miltiplication_hash,969,1003
int_miltiplication_hash,970,1038
int_miltiplication_hash,971,989
int_miltiplication_hash,972,1004
int_miltiplication_hash,973,1013
int_miltiplication_hash,974,1031
int_miltiplication_hash,975,993
int_miltiplication_hash,976,950
int_miltiplication_hash,977,976
int_miltiplication_hash,978,1004
int_miltiplication_hash,979,1055
int_miltiplication_hash,980,1018
int_miltiplication_hash,981,993
int_miltiplication_hash,982,1004
int_miltiplication_hash,983,971
int_miltiplication_hash,984,989
int_miltiplication_hash,985,1014
int_miltiplication_hash,986,1002
int_miltiplication_hash,987,993
int_miltiplication_hash,988,995
int_miltiplication_hash,989,981
int_miltiplication_hash,990,956
int_miltiplication_hash,991,961
int_miltiplication_hash,992,973
int_miltiplication_hash,993,969
int_miltiplication_hash,994,967
int_miltiplication_hash,995,954
int_miltiplication_hash,996,1021
int_miltiplication_hash,997,978
int_miltiplication_hash,998,969
int_miltiplication_hash,999,1010
